fn_id,host_submit,init_fn,post_download,pre_shuffle,post_shuffle,pre_upload,end_fn,finished
0,1714039865373,1714039870749,1714039880569,1714039887607,1714039919716,1714039927067,1714039931169,1714039960273
1,1714039865373,1714039870745,1714039877560,1714039879895,1714039916977,1714039926688,1714039932646,1714039960273
2,1714039865373,1714039870753,1714039880781,1714039887701,1714039927712,1714039938859,1714039946369,1714039960273
3,1714039865373,1714039870748,1714039879824,1714039897485,1714039922082,1714039932415,1714039938796,1714039960273
4,1714039865373,1714039870748,1714039882811,1714039885104,1714039924721,1714039936874,1714039944317,1714039960273
5,1714039865373,1714039870748,1714039882342,1714039885237,1714039924611,1714039936050,1714039944182,1714039960273
6,1714039865373,1714039870747,1714039882028,1714039886196,1714039913579,1714039921774,1714039926258,1714039960273
7,1714039865373,1714039870749,1714039880535,1714039887743,1714039919402,1714039929717,1714039937936,1714039960273
8,1714039865373,1714039870752,1714039879577,1714039898769,1714039927361,1714039937543,1714039942450,1714039960273
9,1714039865373,1714039870752,1714039880296,1714039882526,1714039914975,1714039922372,1714039928349,1714039960273
10,1714039865373,1714039870752,1714039877767,1714039879952,1714039914015,1714039923706,1714039932147,1714039960273
11,1714039865373,1714039870752,1714039879537,1714039898809,1714039929716,1714039938188,1714039941937,1714039960273
12,1714039865373,1714039870751,1714039879835,1714039896983,1714039914952,1714039925302,1714039933677,1714039960273
13,1714039865373,1714039870752,1714039882089,1714039886204,1714039933169,1714039943310,1714039950613,1714039960273
14,1714039865373,1714039870751,1714039881789,1714039887536,1714039914448,1714039921207,1714039925265,1714039960273
15,1714039865373,1714039870744,1714039881087,1714039887653,1714039914479,1714039921899,1714039928301,1714039960273
16,1714039865373,1714039870746,1714039883179,1714039886542,1714039933242,1714039943309,1714039947885,1714039960273
17,1714039865373,1714039870746,1714039883686,1714039886328,1714039928924,1714039939806,1714039945508,1714039960273
18,1714039865373,1714039870746,1714039881968,1714039885314,1714039921199,1714039931870,1714039940815,1714039960273
19,1714039865373,1714039870751,1714039881123,1714039887499,1714039915075,1714039926172,1714039934212,1714039960273
20,1714039865373,1714039870746,1714039882739,1714039887650,1714039919084,1714039928170,1714039933438,1714039960273
21,1714039865373,1714039870751,1714039883503,1714039886849,1714039927660,1714039938163,1714039945956,1714039960273
22,1714039865373,1714039870753,1714039878512,1714039880936,1714039925938,1714039935371,1714039941915,1714039960273
23,1714039865373,1714039870751,1714039878638,1714039881305,1714039921308,1714039933277,1714039938273,1714039960273
24,1714039865373,1714039870750,1714039882421,1714039885146,1714039919603,1714039927768,1714039932474,1714039960273
25,1714039865373,1714039870750,1714039881751,1714039887542,1714039924398,1714039936140,1714039944338,1714039960273
26,1714039865373,1714039870750,1714039883589,1714039886101,1714039929624,1714039940141,1714039944724,1714039960273
27,1714039865373,1714039870749,1714039881034,1714039887506,1714039931623,1714039942886,1714039948009,1714039960273
28,1714039865373,1714039870750,1714039883664,1714039886326,1714039910961,1714039915893,1714039921470,1714039960273
29,1714039865373,1714039870749,1714039879877,1714039896296,1714039923367,1714039936340,1714039942481,1714039960273
30,1714039865373,1714039870748,1714039881013,1714039887675,1714039923824,1714039935674,1714039944928,1714039960273
31,1714039865373,1714039870747,1714039880895,1714039887622,1714039923050,1714039929717,1714039933950,1714039960273
32,1714039865373,1714039870753,1714039882927,1714039886655,1714039923392,1714039934550,1714039942046,1714039960273
33,1714039865373,1714039870747,1714039879906,1714039895825,1714039925921,1714039933594,1714039938619,1714039960273
34,1714039865373,1714039870747,1714039880888,1714039887675,1714039918453,1714039928245,1714039935307,1714039960273
35,1714039865373,1714039870745,1714039881138,1714039883715,1714039913974,1714039924781,1714039932534,1714039960273
36,1714039865373,1714039870753,1714039881901,1714039887623,1714039923415,1714039937225,1714039946401,1714039960273
37,1714039865373,1714039870746,1714039882499,1714039887397,1714039914021,1714039922276,1714039930021,1714039960273
38,1714039865373,1714039870744,1714039882948,1714039885391,1714039922659,1714039933603,1714039939097,1714039960273
39,1714039865373,1714039870749,1714039883211,1714039886507,1714039915800,1714039923005,1714039929458,1714039960273
40,1714039865373,1714039870743,1714039885363,1714039887728,1714039918815,1714039927326,1714039932749,1714039960273
41,1714039865373,1714039870748,1714039883332,1714039886490,1714039917074,1714039927370,1714039932722,1714039960273
42,1714039865373,1714039870742,1714039882111,1714039886326,1714039925435,1714039935371,1714039940547,1714039960273
43,1714039865373,1714039870742,1714039881716,1714039887615,1714039938466,1714039947142,1714039954726,1714039960273
44,1714039865373,1714039870749,1714039878976,1714039898611,1714039915256,1714039925541,1714039933699,1714039960273
45,1714039865373,1714039870742,1714039882380,1714039884680,1714039919470,1714039927814,1714039934830,1714039960273
46,1714039865373,1714039870744,1714039880263,1714039887778,1714039926894,1714039936050,1714039940375,1714039960273
47,1714039865373,1714039870743,1714039880770,1714039887619,1714039919575,1714039930801,1714039935518,1714039960273
48,1714039865373,1714039870745,1714039879406,1714039898774,1714039928187,1714039937849,1714039941830,1714039960273
49,1714039865373,1714039870741,1714039879478,1714039898775,1714039930840,1714039940686,1714039946313,1714039960273
50,1714039865373,1714039870742,1714039878955,1714039899050,1714039927752,1714039936435,1714039940732,1714039960273
51,1714039865373,1714039870744,1714039880908,1714039887656,1714039924505,1714039935371,1714039940270,1714039960273
52,1714039865373,1714039870745,1714039878337,1714039880857,1714039914505,1714039922279,1714039929019,1714039960273
53,1714039865373,1714039870743,1714039879596,1714039898669,1714039930709,1714039941345,1714039950277,1714039960273
54,1714039865373,1714039870753,1714039882267,1714039885135,1714039919094,1714039930049,1714039939034,1714039960273
55,1714039865373,1714039870740,1714039878716,1714039881253,1714039930201,1714039941067,1714039946605,1714039960273
56,1714039865373,1714039870747,1714039880554,1714039887671,1714039929397,1714039938068,1714039944974,1714039960273
57,1714039865373,1714039870743,1714039879691,1714039898569,1714039923938,1714039931057,1714039936101,1714039960273
58,1714039865373,1714039870743,1714039881305,1714039883519,1714039916469,1714039924724,1714039931356,1714039960273
59,1714039865373,1714039870744,1714039879346,1714039899257,1714039925033,1714039935371,1714039942999,1714039960273
60,1714039865373,1714039870750,1714039882006,1714039885087,1714039928762,1714039941536,1714039947136,1714039960273
61,1714039865373,1714039870741,1714039878699,1714039881139,1714039920979,1714039933073,1714039939420,1714039960273
62,1714039865373,1714039870744,1714039880128,1714039887867,1714039914013,1714039922542,1714039929701,1714039960273
63,1714039865373,1714039870741,1714039878488,1714039881235,1714039929915,1714039941355,1714039946473,1714039960273
64,1714039865373,1714039870742,1714039883870,1714039886662,1714039911744,1714039916284,1714039921444,1714039960273
65,1714039865373,1714039870739,1714039878893,1714039899074,1714039923641,1714039934105,1714039939447,1714039960273
66,1714039865373,1714039870743,1714039882395,1714039884712,1714039929225,1714039938799,1714039943849,1714039960273
67,1714039865373,1714039870739,1714039880746,1714039887677,1714039917060,1714039926264,1714039930385,1714039960273
68,1714039865373,1714039870740,1714039885108,1714039887646,1714039919504,1714039930333,1714039938371,1714039960273
69,1714039865373,1714039870739,1714039884414,1714039887504,1714039917916,1714039927319,1714039934532,1714039960273
70,1714039865373,1714039870741,1714039879440,1714039898760,1714039914325,1714039922568,1714039926936,1714039960273
71,1714039865373,1714039870740,1714039880729,1714039887733,1714039933468,1714039943819,1714039948606,1714039960273
72,1714039865373,1714039870739,1714039879000,1714039898593,1714039934546,1714039944814,1714039953580,1714039960273
73,1714039865373,1714039870740,1714039882207,1714039885143,1714039914482,1714039922256,1714039926754,1714039960273
74,1714039865373,1714039870741,1714039886813,1714039888435,1714039919811,1714039930667,1714039936250,1714039960273
75,1714039865373,1714039870744,1714039877827,1714039880065,1714039922738,1714039933102,1714039939304,1714039960273
76,1714039865373,1714039870739,1714039879762,1714039897705,1714039910896,1714039915659,1714039920032,1714039960273
77,1714039865373,1714039870752,1714039878614,1714039881284,1714039914516,1714039924421,1714039932279,1714039960273
78,1714039865373,1714039870738,1714039878680,1714039899059,1714039922472,1714039933739,1714039942307,1714039960273
79,1714039865373,1714039870738,1714039881250,1714039887523,1714039922609,1714039935013,1714039940353,1714039960273
80,1714039865373,1714039870739,1714039881954,1714039887547,1714039920247,1714039929717,1714039937546,1714039960273
81,1714039865373,1714039870740,1714039880347,1714039887539,1714039913547,1714039920866,1714039929348,1714039960273
82,1714039865373,1714039870738,1714039881551,1714039887485,1714039917061,1714039927455,1714039935555,1714039960273
83,1714039865373,1714039870739,1714039879368,1714039899047,1714039924179,1714039936247,1714039942412,1714039960273
84,1714039865373,1714039870738,1714039883128,1714039887508,1714039928589,1714039938580,1714039946682,1714039960273
85,1714039865373,1714039870737,1714039880868,1714039887671,1714039911890,1714039917008,1714039923016,1714039960273
86,1714039865373,1714039870739,1714039880052,1714039895503,1714039919038,1714039929717,1714039938106,1714039960273
87,1714039865373,1714039870743,1714039884151,1714039887460,1714039934035,1714039944814,1714039949441,1714039960273
88,1714039865373,1714039870737,1714039883370,1714039887406,1714039913510,1714039921014,1714039925319,1714039960273
89,1714039865373,1714039870738,1714039879669,1714039898558,1714039920412,1714039928292,1714039932414,1714039960273
90,1714039865373,1714039870737,1714039878936,1714039898626,1714039918085,1714039926280,1714039931463,1714039960273
91,1714039865373,1714039870737,1714039878337,1714039880852,1714039916085,1714039923688,1714039929660,1714039960273
92,1714039865373,1714039870737,1714039879715,1714039898071,1714039926107,1714039935846,1714039940781,1714039960273
93,1714039865373,1714039870738,1714039880185,1714039887900,1714039923467,1714039936050,1714039943739,1714039960273
94,1714039865373,1714039870738,1714039882518,1714039884894,1714039931902,1714039941741,1714039950543,1714039960273
95,1714039865373,1714039870737,1714039883240,1714039886653,1714039919656,1714039930713,1714039935843,1714039960273
96,1714039865373,1714039870640,1714039879246,1714039881882,1714039930390,1714039940837,1714039948151,1714039960273
97,1714039865373,1714039870640,1714039879051,1714039881820,1714039921685,1714039928717,1714039933421,1714039960273
98,1714039865373,1714039870635,1714039880900,1714039886912,1714039918312,1714039926969,1714039931582,1714039960273
99,1714039865373,1714039870645,1714039882413,1714039885505,1714039924901,1714039937337,1714039942381,1714039960273
100,1714039865373,1714039870644,1714039881973,1714039884989,1714039917864,1714039928453,1714039933680,1714039960273
101,1714039865373,1714039870643,1714039880001,1714039897814,1714039930592,1714039939274,1714039946376,1714039960273
102,1714039865373,1714039870640,1714039879737,1714039897848,1714039922278,1714039934339,1714039940983,1714039960273
103,1714039865373,1714039870643,1714039879304,1714039897763,1714039914847,1714039921705,1714039927152,1714039960273
104,1714039865373,1714039870638,1714039882351,1714039886321,1714039929148,1714039940190,1714039945232,1714039960273
105,1714039865373,1714039870645,1714039882829,1714039885886,1714039925775,1714039937797,1714039942980,1714039960273
106,1714039865373,1714039870639,1714039882241,1714039885475,1714039922200,1714039930372,1714039938188,1714039960273
107,1714039865373,1714039870638,1714039878883,1714039897801,1714039914473,1714039920372,1714039926607,1714039960273
108,1714039865373,1714039870643,1714039882445,1714039885694,1714039916630,1714039924877,1714039929092,1714039960273
109,1714039865373,1714039870645,1714039879110,1714039881459,1714039925135,1714039935490,1714039940486,1714039960273
110,1714039865373,1714039870637,1714039879918,1714039897759,1714039931009,1714039941703,1714039948881,1714039960273
111,1714039865373,1714039870638,1714039880203,1714039897786,1714039922770,1714039936776,1714039942170,1714039960273
112,1714039865373,1714039870637,1714039878914,1714039897770,1714039923327,1714039933060,1714039938771,1714039960273
113,1714039865373,1714039870642,1714039880048,1714039897741,1714039928049,1714039936776,1714039944027,1714039960273
114,1714039865373,1714039870642,1714039878234,1714039880994,1714039927316,1714039940575,1714039950550,1714039960273
115,1714039865373,1714039870637,1714039878054,1714039881234,1714039915840,1714039923774,1714039932021,1714039960273
116,1714039865373,1714039870636,1714039881487,1714039886305,1714039938819,1714039945480,1714039949302,1714039960273
117,1714039865373,1714039870636,1714039879776,1714039882325,1714039925256,1714039936806,1714039945499,1714039960273
118,1714039865373,1714039870641,1714039880561,1714039895225,1714039927939,1714039938664,1714039944069,1714039960273
119,1714039865373,1714039870645,1714039878618,1714039881856,1714039923559,1714039932753,1714039940610,1714039960273
120,1714039865373,1714039870641,1714039884175,1714039886298,1714039917145,1714039925554,1714039932784,1714039960273
121,1714039865373,1714039870641,1714039878554,1714039897764,1714039922689,1714039931203,1714039938994,1714039960273
122,1714039865373,1714039870641,1714039881346,1714039886212,1714039916412,1714039924603,1714039931247,1714039960273
123,1714039865373,1714039870641,1714039881532,1714039884845,1714039915429,1714039924239,1714039929175,1714039960273
124,1714039865373,1714039870636,1714039880412,1714039896183,1714039931348,1714039943819,1714039953075,1714039960273
125,1714039865373,1714039870635,1714039878013,1714039881037,1714039924113,1714039933716,1714039941723,1714039960273
126,1714039865373,1714039870644,1714039879556,1714039896272,1714039919139,1714039929185,1714039934702,1714039960273
127,1714039865373,1714039870644,1714039880915,1714039886316,1714039916129,1714039924004,1714039930248,1714039960273
128,1714039865373,1714039870644,1714039878957,1714039897084,1714039925944,1714039938063,1714039942863,1714039960273
129,1714039865373,1714039870639,1714039883342,1714039886162,1714039925849,1714039937590,1714039945911,1714039960273
130,1714039865373,1714039870638,1714039880018,1714039897775,1714039928800,1714039938096,1714039943042,1714039960273
131,1714039865373,1714039870634,1714039881569,1714039884528,1714039926045,1714039938438,1714039944465,1714039960273
132,1714039865373,1714039870639,1714039882009,1714039884886,1714039923293,1714039934990,1714039940195,1714039960273
133,1714039865373,1714039870634,1714039881407,1714039886105,1714039918028,1714039928695,1714039934895,1714039960273
134,1714039865373,1714039870635,1714039880245,1714039897765,1714039929840,1714039938388,1714039943235,1714039960273
135,1714039865373,1714039870639,1714039882206,1714039886006,1714039929062,1714039940287,1714039945550,1714039960273
136,1714039865373,1714039870642,1714039880378,1714039896210,1714039922965,1714039930356,1714039936757,1714039960273
137,1714039865373,1714039870643,1714039880436,1714039895638,1714039921136,1714039929296,1714039933965,1714039960273
138,1714039865373,1714039870642,1714039880583,1714039895316,1714039917204,1714039924594,1714039928864,1714039960273
139,1714039865373,1714039870633,1714039879205,1714039881776,1714039933950,1714039943602,1714039948123,1714039960273
140,1714039865373,1714039870642,1714039880761,1714039893721,1714039932951,1714039941253,1714039945374,1714039960273
141,1714039865373,1714039870641,1714039879419,1714039881870,1714039922135,1714039933175,1714039938750,1714039960273
142,1714039865373,1714039870635,1714039883714,1714039886294,1714039931191,1714039939969,1714039946023,1714039960273
143,1714039865373,1714039870631,1714039879092,1714039881867,1714039928486,1714039939560,1714039947157,1714039960273
144,1714039865373,1714039870633,1714039881654,1714039884527,1714039921918,1714039931867,1714039936879,1714039960273
145,1714039865373,1714039870633,1714039882589,1714039886297,1714039921639,1714039931178,1714039938807,1714039960273
146,1714039865373,1714039870633,1714039879679,1714039897784,1714039930152,1714039940252,1714039948036,1714039960273
147,1714039865373,1714039870632,1714039878001,1714039880923,1714039914074,1714039919611,1714039923044,1714039960273
148,1714039865373,1714039870634,1714039880277,1714039897064,1714039924381,1714039936153,1714039944572,1714039960273
149,1714039865373,1714039870637,1714039880673,1714039895336,1714039918215,1714039926791,1714039931452,1714039960273
150,1714039865373,1714039870632,1714039878832,1714039897843,1714039929366,1714039938029,1714039944690,1714039960273
151,1714039865373,1714039870644,1714039883179,1714039886313,1714039927081,1714039938602,1714039944371,1714039960273
152,1714039865373,1714039870635,1714039881549,1714039884094,1714039916123,1714039924495,1714039930645,1714039960273
153,1714039865373,1714039870636,1714039882711,1714039885875,1714039925757,1714039933888,1714039940411,1714039960273
154,1714039865373,1714039870630,1714039884131,1714039886311,1714039917209,1714039924953,1714039931151,1714039960273
155,1714039865373,1714039870630,1714039881164,1714039886321,1714039918175,1714039925477,1714039929661,1714039960273
156,1714039865373,1714039870632,1714039883958,1714039886319,1714039924896,1714039936959,1714039941922,1714039960273
157,1714039865373,1714039870640,1714039878184,1714039881184,1714039927993,1714039936060,1714039940082,1714039960273
158,1714039865373,1714039870635,1714039885344,1714039886858,1714039915866,1714039924036,1714039928705,1714039960273
159,1714039865373,1714039870643,1714039880289,1714039896970,1714039926377,1714039937687,1714039945853,1714039960273
160,1714039865373,1714039870638,1714039884937,1714039886596,1714039932663,1714039943181,1714039951424,1714039960273
161,1714039865373,1714039870636,1714039882063,1714039885169,1714039916568,1714039926654,1714039931625,1714039960273
162,1714039865373,1714039870636,1714039881276,1714039886853,1714039919034,1714039930789,1714039939272,1714039960273
163,1714039865373,1714039870629,1714039878977,1714039897489,1714039931939,1714039943066,1714039948487,1714039960273
164,1714039865373,1714039870631,1714039879636,1714039897792,1714039915846,1714039923321,1714039931205,1714039960273
165,1714039865373,1714039870629,1714039881341,1714039886271,1714039927169,1714039937759,1714039942403,1714039960273
166,1714039865373,1714039870633,1714039880922,1714039886309,1714039933695,1714039944219,1714039950027,1714039960273
167,1714039865373,1714039870629,1714039883755,1714039886267,1714039917219,1714039927601,1714039932657,1714039960273
168,1714039865373,1714039870640,1714039881730,1714039884806,1714039917080,1714039926104,1714039929947,1714039960273
169,1714039865373,1714039870634,1714039878638,1714039897775,1714039938046,1714039946537,1714039951873,1714039960273
170,1714039865373,1714039870630,1714039880400,1714039896282,1714039917527,1714039928807,1714039934490,1714039960273
171,1714039865373,1714039870631,1714039883003,1714039886275,1714039922882,1714039936020,1714039944901,1714039960273
172,1714039865373,1714039870628,1714039882313,1714039885508,1714039918222,1714039928576,1714039933901,1714039960273
173,1714039865373,1714039870628,1714039881318,1714039886311,1714039920322,1714039931210,1714039937131,1714039960273
174,1714039865373,1714039870632,1714039882723,1714039885876,1714039916006,1714039925524,1714039930854,1714039960273
175,1714039865373,1714039870628,1714039880881,1714039890579,1714039912882,1714039917544,1714039923729,1714039960273
176,1714039865373,1714039870628,1714039880229,1714039897768,1714039917875,1714039926065,1714039931293,1714039960273
177,1714039865373,1714039870630,1714039881520,1714039884516,1714039921623,1714039930922,1714039936241,1714039960273
178,1714039865373,1714039870631,1714039881363,1714039886183,1714039927089,1714039936215,1714039941160,1714039960273
179,1714039865373,1714039870627,1714039880390,1714039896224,1714039915596,1714039925714,1714039935325,1714039960273
180,1714039865373,1714039870628,1714039882687,1714039885921,1714039928312,1714039939169,1714039944182,1714039960273
181,1714039865373,1714039870627,1714039880597,1714039894645,1714039928453,1714039938117,1714039942741,1714039960273
182,1714039865373,1714039870626,1714039881891,1714039885489,1714039932400,1714039943032,1714039947894,1714039960273
183,1714039865373,1714039870628,1714039882918,1714039886277,1714039917489,1714039926766,1714039934575,1714039960273
184,1714039865373,1714039870627,1714039878167,1714039881955,1714039918245,1714039926144,1714039932386,1714039960273
185,1714039865373,1714039870628,1714039882610,1714039886090,1714039926363,1714039936893,1714039941466,1714039960273
186,1714039865373,1714039870629,1714039878923,1714039897804,1714039930121,1714039937598,1714039944204,1714039960273
187,1714039865373,1714039870627,1714039881508,1714039885935,1714039934818,1714039944365,1714039949617,1714039960273
188,1714039865373,1714039870628,1714039881182,1714039886309,1714039921984,1714039931410,1714039936686,1714039960273
189,1714039865373,1714039870627,1714039880263,1714039897372,1714039922112,1714039933039,1714039938664,1714039960273
190,1714039865373,1714039870632,1714039884595,1714039886458,1714039917430,1714039927886,1714039933043,1714039960273
191,1714039865373,1714039870631,1714039882166,1714039886290,1714039917901,1714039928506,1714039933496,1714039960273
