,fn_id,host_submit_map,init_fn_map,post_download_map,pre_upload_map,end_fn_map,Unnamed: 0.1,Unnamed: 0,fn_id,host_submit_reduce,init_fn_reduce,post_download_reduce,pre_upload_reduce,end_fn_reduce,finished
0,0,1712244840896,1712244847240,1712244852480,1712244853417,1712245245872,0,0,0,1712245355934,1712245358373,1712245566777,1712245570672,1712245577482,1712245604243
1,1,1712244840896,1712244845953,1712244851895,1712244852775,1712245278397,1,1,1,1712245355934,1712245358388,1712245568432,1712245572940,1712245578132,1712245604243
2,2,1712244840896,1712244845867,1712244851116,1712244851932,1712245313918,2,2,2,1712245355934,1712245358354,1712245568059,1712245571762,1712245577471,1712245604243
3,3,1712244840896,1712244847580,1712244853717,1712244854638,1712245266346,3,3,3,1712245355934,1712245358379,1712245573487,1712245577281,1712245580122,1712245604243
4,4,1712244840896,1712244847574,1712244852941,1712244853870,1712245254777,4,4,4,1712245355934,1712245358360,1712245573540,1712245577852,1712245580911,1712245604243
5,5,1712244840896,1712244845781,1712244850953,1712244851778,1712245276733,5,5,5,1712245355934,1712245358377,1712245569390,1712245573647,1712245578726,1712245604243
6,6,1712244840896,1712244846654,1712244851862,1712244852737,1712245293330,6,6,6,1712245355934,1712245358385,1712245547486,1712245551635,1712245563381,1712245604243
7,7,1712244840896,1712244847268,1712244853712,1712244854632,1712245297885,7,7,7,1712245355934,1712245358368,1712245578729,1712245583207,1712245585456,1712245604243
8,8,1712244840896,1712244846653,1712244852481,1712244853364,1712245288634,8,8,8,1712245355934,1712245358367,1712245545323,1712245548708,1712245558097,1712245604243
9,9,1712244840896,1712244845870,1712244851770,1712244852612,1712245333157,9,9,9,1712245355934,1712245358375,1712245572545,1712245578121,1712245581292,1712245604243
10,10,1712244840896,1712244846447,1712244851620,1712244852483,1712245272796,10,10,10,1712245355934,1712245358366,1712245579091,1712245583566,1712245585979,1712245604243
11,11,1712244840896,1712244845806,1712244851440,1712244852278,1712245260714,11,11,11,1712245355934,1712245358383,1712245574228,1712245579747,1712245582260,1712245604243
12,12,1712244840896,1712244849539,1712244855138,1712244856029,1712245293020,12,12,12,1712245355934,1712245358367,1712245575425,1712245581236,1712245583485,1712245604243
13,13,1712244840896,1712244845869,1712244852548,1712244853416,1712245323517,13,13,13,1712245355934,1712245358388,1712245560756,1712245566620,1712245575902,1712245604243
14,14,1712244840896,1712244849669,1712244855355,1712244856273,1712245303641,14,14,14,1712245355934,1712245358353,1712245553395,1712245558030,1712245569792,1712245604243
15,15,1712244840896,1712244846449,1712244851864,1712244852754,1712245283195,15,15,15,1712245355934,1712245358385,1712245560666,1712245565851,1712245573970,1712245604243
16,16,1712244840896,1712244849838,1712244855625,1712244856521,1712245267513,16,16,16,1712245355934,1712245358366,1712245530459,1712245532855,1712245538308,1712245604243
17,17,1712244840896,1712244849337,1712244854880,1712244855971,1712245300229,17,17,17,1712245355934,1712245358382,1712245570953,1712245576311,1712245580362,1712245604243
18,18,1712244840896,1712244849311,1712244856311,1712244857264,1712245340193,18,18,18,1712245355934,1712245358349,1712245569207,1712245573212,1712245579031,1712245604243
19,19,1712244840896,1712244848695,1712244855162,1712244856388,1712245254525,19,19,19,1712245355934,1712245358370,1712245564765,1712245569351,1712245576522,1712245604243
20,20,1712244840896,1712244848738,1712244854092,1712244854980,1712245304027,20,20,20,1712245355934,1712245358366,1712245559074,1712245562298,1712245569045,1712245604243
21,21,1712244840896,1712244853622,1712244858743,1712244859928,1712245304772,21,21,21,1712245355934,1712245358368,1712245561790,1712245566792,1712245574675,1712245604243
22,22,1712244840896,1712244848738,1712244855037,1712244855988,1712245300227,22,22,22,1712245355934,1712245358371,1712245552450,1712245555576,1712245564587,1712245604243
23,23,1712244840896,1712244848591,1712244854114,1712244855066,1712245231490,23,23,23,1712245355934,1712245358370,1712245570392,1712245575334,1712245580211,1712245604243
24,24,1712244840896,1712244853622,1712244859177,1712244860090,1712245348044,24,24,24,1712245355934,1712245358366,1712245576303,1712245582434,1712245585047,1712245604243
25,25,1712244840896,1712244852359,1712244857577,1712244858607,1712245310978,25,25,25,1712245355934,1712245358368,1712245567932,1712245572819,1712245579496,1712245604243
26,26,1712244840896,1712244852118,1712244857464,1712244858464,1712245313124,26,26,26,1712245355934,1712245358346,1712245574194,1712245579875,1712245584044,1712245604243
27,27,1712244840896,1712244852377,1712244857185,1712244858563,1712245263572,27,27,27,1712245355934,1712245358384,1712245564896,1712245569118,1712245576358,1712245604243
28,28,1712244840896,1712244852360,1712244857260,1712244858497,1712245307218,28,28,28,1712245355934,1712245358369,1712245569128,1712245575506,1712245580148,1712245604243
29,29,1712244840896,1712244852149,1712244858008,1712244859265,1712245298765,29,29,29,1712245355934,1712245358386,1712245556812,1712245560171,1712245567037,1712245604243
30,30,1712244840896,1712244850451,1712244855666,1712244856652,1712245292576,30,30,30,1712245355934,1712245358357,1712245570409,1712245574821,1712245579632,1712245604243
31,31,1712244840896,1712244850438,1712244855868,1712244856779,1712245303908,31,31,31,1712245355934,1712245358369,1712245560580,1712245565432,1712245574001,1712245604243
32,32,1712244840896,1712244849815,1712244855872,1712244856947,1712245306401,32,32,32,1712245355934,1712245358387,1712245562862,1712245568074,1712245575798,1712245604243
33,33,1712244840896,1712244850301,1712244856452,1712244857512,1712245305918,33,33,33,1712245355934,1712245358371,1712245576694,1712245579918,1712245582040,1712245604243
34,34,1712244840896,1712244854873,1712244860643,1712244861775,1712245312713,34,34,34,1712245355934,1712245358370,1712245571138,1712245575028,1712245579713,1712245604243
35,35,1712244840896,1712244855123,1712244861073,1712244862292,1712245314236,35,35,35,1712245355934,1712245358368,1712245552777,1712245557009,1712245565999,1712245604243
36,36,1712244840896,1712244854775,1712244860752,1712244861985,1712245308306,36,36,36,1712245355934,1712245358388,1712245566974,1712245571192,1712245577036,1712245604243
37,37,1712244840896,1712244854442,1712244860650,1712244861764,1712245307446,37,37,37,1712245355934,1712245358383,1712245578404,1712245583526,1712245586159,1712245604243
38,38,1712244840896,1712244854690,1712244860751,1712244861922,1712245311201,38,38,38,1712245355934,1712245358384,1712245559156,1712245563747,1712245572571,1712245604243
39,39,1712244840896,1712244854147,1712244859610,1712244861007,1712245340197,39,39,39,1712245355934,1712245358384,1712245567817,1712245572124,1712245577699,1712245604243
40,40,1712244840896,1712244853622,1712244859565,1712244860635,1712245319758,40,40,40,1712245355934,1712245358388,1712245569513,1712245575649,1712245580019,1712245604243
41,41,1712244840896,1712244856771,1712244862269,1712244863431,1712245312913,41,41,41,1712245355934,1712245358388,1712245579681,1712245584788,1712245587444,1712245604243
42,42,1712244840896,1712244856499,1712244861436,1712244862439,1712245315760,42,42,42,1712245355934,1712245358388,1712245574731,1712245579603,1712245582080,1712245604243
43,43,1712244840896,1712244856701,1712244861504,1712244862500,1712245321326,43,43,43,1712245355934,1712245358389,1712245576135,1712245580921,1712245583108,1712245604243
44,44,1712244840896,1712244856190,1712244862214,1712244863438,1712245321832,44,44,44,1712245355934,1712245358387,1712245563471,1712245569084,1712245577011,1712245604243
45,45,1712244840896,1712244856013,1712244860903,1712244862002,1712245331799,45,45,45,1712245355934,1712245358389,1712245531926,1712245534095,1712245539713,1712245604243
46,46,1712244840896,1712244855762,1712244861081,1712244862111,1712245281813,46,46,46,1712245355934,1712245358387,1712245566068,1712245570758,1712245577416,1712245604243
47,47,1712244840896,1712244855331,1712244860817,1712244861913,1712245305399,47,47,47,1712245355934,1712245358390,1712245570839,1712245575152,1712245578978,1712245604243
48,48,1712244840896,1712244854965,1712244860922,1712244862065,1712245320202,48,48,48,1712245355934,1712245358394,1712245563029,1712245569025,1712245588945,1712245604243
49,49,1712244840896,1712244855458,1712244860790,1712244861915,1712245326782,49,49,49,1712245355934,1712245358395,1712245567413,1712245573957,1712245580943,1712245604243
50,50,1712244840896,1712244861525,1712244866825,1712244868425,1712245339298,50,50,50,1712245355934,1712245358397,1712245558520,1712245562305,1712245572772,1712245604243
51,51,1712244840896,1712244861265,1712244867672,1712244869325,1712245335256,51,51,51,1712245355934,1712245358395,1712245564096,1712245569060,1712245577169,1712245604243
52,52,1712244840896,1712244861526,1712244868336,1712244870167,1712245326987,52,52,52,1712245355934,1712245358397,1712245577694,1712245583150,1712245585530,1712245604243
53,53,1712244840896,1712244861681,1712244867338,1712244868909,1712245347288,53,53,53,1712245355934,1712245358412,1712245539719,1712245542446,1712245551265,1712245604243
54,54,1712244840896,1712244860920,1712244866265,1712244867782,1712245274358,54,54,54,1712245355934,1712245358413,1712245568055,1712245571526,1712245576650,1712245604243
55,55,1712244840896,1712244860987,1712244866547,1712244867875,1712245346767,55,55,55,1712245355934,1712245358413,1712245563904,1712245568176,1712245576110,1712245604243
56,56,1712244840896,1712244860803,1712244866692,1712244868365,1712245319305,56,56,56,1712245355934,1712245358422,1712245563918,1712245567496,1712245575864,1712245604243
57,57,1712244840896,1712244860337,1712244866152,1712244867483,1712245324586,57,57,57,1712245355934,1712245358421,1712245560886,1712245565445,1712245572525,1712245604243
58,58,1712244840896,1712244859923,1712244865429,1712244866659,1712245319883,58,58,58,1712245355934,1712245358428,1712245554335,1712245558083,1712245565761,1712245604243
59,59,1712244840896,1712244859983,1712244865772,1712244866983,1712245306888,59,59,59,1712245355934,1712245358444,1712245574438,1712245577813,1712245580538,1712245604243
60,60,1712244840896,1712244859338,1712244865388,1712244866502,1712245320727,60,60,60,1712245355934,1712245358443,1712245574100,1712245578051,1712245580981,1712245604243
61,61,1712244840896,1712244859589,1712244865807,1712244867181,1712245332806,61,61,61,1712245355934,1712245358447,1712245567533,1712245571408,1712245577392,1712245604243
62,62,1712244840896,1712244859072,1712244864546,1712244865884,1712245327244,62,62,62,1712245355934,1712245358450,1712245559745,1712245565570,1712245575795,1712245604243
63,63,1712244840896,1712244859238,1712244864570,1712244865798,1712245326144,63,63,63,1712245355934,1712245358459,1712245553030,1712245556772,1712245567100,1712245604243
64,64,1712244840896,1712244858962,1712244865055,1712244866297,1712245309839,64,64,64,1712245355934,1712245358467,1712245567334,1712245571424,1712245577969,1712245604243
65,65,1712244840896,1712244859073,1712244864923,1712244866109,1712245316788,65,65,65,1712245355934,1712245358481,1712245575555,1712245581446,1712245583773,1712245604243
66,66,1712244840896,1712244858484,1712244863997,1712244865014,1712245336881,66,66,66,1712245355934,1712245358483,1712245565673,1712245570197,1712245576900,1712245604243
67,67,1712244840896,1712244858672,1712244865020,1712244866525,1712245267647,67,67,67,1712245355934,1712245358510,1712245561542,1712245565756,1712245574777,1712245604243
68,68,1712244840896,1712244857985,1712244863214,1712244864303,1712245321440,68,68,68,1712245355934,1712245358535,1712245557249,1712245561336,1712245571149,1712245604243
69,69,1712244840896,1712244858025,1712244863707,1712244864894,1712245326735,69,69,69,1712245355934,1712245358520,1712245562549,1712245566742,1712245574574,1712245604243
70,70,1712244840896,1712244857761,1712244862868,1712244864203,1712245333873,70,70,70,1712245355934,1712245358524,1712245557961,1712245562652,1712245572557,1712245604243
71,71,1712244840896,1712244857079,1712244863191,1712244864393,1712245334296,71,71,71,1712245355934,1712245358532,1712245576797,1712245581261,1712245583193,1712245604243
72,72,1712244840896,1712244856935,1712244862287,1712244863376,1712245312537,72,72,72,1712245355934,1712245358537,1712245565845,1712245571347,1712245577525,1712245604243
73,73,1712244840896,1712244856929,1712244862940,1712244864218,1712245333494,73,73,73,1712245355934,1712245358586,1712245572749,1712245576888,1712245580767,1712245604243
74,74,1712244840896,1712244864259,1712244870788,1712244872716,1712245348229,74,74,74,1712245355934,1712245358585,1712245571717,1712245575691,1712245579417,1712245604243
75,75,1712244840896,1712244863317,1712244869682,1712244871730,1712245300942,75,75,75,1712245355934,1712245358605,1712245567771,1712245572383,1712245577930,1712245604243
76,76,1712244840896,1712244862872,1712244868350,1712244870332,1712245320908,76,76,76,1712245355934,1712245358571,1712245562603,1712245566597,1712245574419,1712245604243
77,77,1712244840896,1712244863241,1712244867953,1712244869565,1712245315699,77,77,77,1712245355934,1712245358584,1712245549456,1712245552827,1712245563667,1712245604243
78,78,1712244840896,1712244862996,1712244868371,1712244869749,1712245348646,78,78,78,1712245355934,1712245358627,1712245560348,1712245565612,1712245577090,1712245604243
79,79,1712244840896,1712244862535,1712244868190,1712244869721,1712245317925,79,79,79,1712245355934,1712245358594,1712245560069,1712245563763,1712245572264,1712245604243
80,80,1712244840896,1712244861739,1712244868044,1712244869366,1712245274013,80,80,80,1712245355934,1712245358613,1712245563678,1712245568171,1712245575552,1712245604243
81,81,1712244840896,1712244862139,1712244867633,1712244869130,1712245344239,81,81,81,1712245355934,1712245358634,1712245573264,1712245577842,1712245580307,1712245604243
82,82,1712244840896,1712244868185,1712244872517,1712244874122,1712245349667,82,82,82,1712245355934,1712245358612,1712245574896,1712245580064,1712245582096,1712245604243
83,83,1712244840896,1712244867992,1712244873239,1712244875196,1712245348412,83,83,83,1712245355934,1712245358627,1712245546328,1712245549574,1712245559985,1712245604243
84,84,1712244840896,1712244868637,1712244874727,1712244876551,1712245290929,84,84,84,1712245355934,1712245358620,1712245566547,1712245570510,1712245576584,1712245604243
85,85,1712244840896,1712244868577,1712244874001,1712244875651,1712245297592,85,85,85,1712245355934,1712245358634,1712245575957,1712245581949,1712245585654,1712245604243
86,86,1712244840896,1712244868277,1712244874113,1712244875888,1712245272030,86,86,86,1712245355934,1712245358654,1712245572468,1712245576588,1712245581225,1712245604243
87,87,1712244840896,1712244867729,1712244872331,1712244874138,1712245348286,87,87,87,1712245355934,1712245358671,1712245571575,1712245576487,1712245581341,1712245604243
88,88,1712244840896,1712244867343,1712244872798,1712244874297,1712245285594,88,88,88,1712245355934,1712245358656,1712245573564,1712245579694,1712245585092,1712245604243
89,89,1712244840896,1712244867740,1712244873118,1712244874635,1712245350630,89,89,89,1712245355934,1712245358657,1712245556764,1712245559749,1712245567744,1712245604243
90,90,1712244840896,1712244865917,1712244870904,1712244872607,1712245336726,90,90,90,1712245355934,1712245358688,1712245559746,1712245566204,1712245576363,1712245604243
91,91,1712244840896,1712244865715,1712244871668,1712244874249,1712245321550,91,91,91,1712245355934,1712245358671,1712245561037,1712245564645,1712245573001,1712245604243
92,92,1712244840896,1712244865784,1712244872228,1712244874033,1712245303879,92,92,92,1712245355934,1712245358673,1712245555707,1712245560073,1712245570152,1712245604243
93,93,1712244840896,1712244865088,1712244870873,1712244872655,1712245284551,93,93,93,1712245355934,1712245358675,1712245568342,1712245573745,1712245579361,1712245604243
94,94,1712244840896,1712244865181,1712244869889,1712244871576,1712245348560,94,94,94,1712245355934,1712245358686,1712245563099,1712245566422,1712245573749,1712245604243
95,95,1712244840896,1712244865158,1712244871110,1712244872885,1712245287273,95,95,95,1712245355934,1712245358689,1712245562860,1712245566413,1712245573887,1712245604243
96,96,1712244840896,1712244864906,1712244870254,1712244871815,1712245288425,96,96,96,1712245355934,1712245358694,1712245564413,1712245570283,1712245578283,1712245604243
97,97,1712244840896,1712244864907,1712244870797,1712244872971,1712245318707,97,97,97,1712245355934,1712245358700,1712245555110,1712245560289,1712245571583,1712245604243
98,98,1712244840896,1712244864766,1712244870344,1712244872167,1712245311915,98,98,98,1712245355934,1712245358708,1712245547311,1712245550475,1712245558948,1712245604243
99,99,1712244840896,1712244863940,1712244869141,1712244871316,1712245347249,99,99,99,1712245355934,1712245358705,1712245558604,1712245561997,1712245569386,1712245604243
100,100,1712244840896,1712244864133,1712244869692,1712244871765,1712245331322,100,100,100,1712245355934,1712245358718,1712245542617,1712245546454,1712245557284,1712245604243
101,101,1712244840896,1712244864905,1712244870725,1712244872704,1712245320861,101,101,101,1712245355934,1712245358720,1712245557514,1712245560413,1712245567897,1712245604243
102,102,1712244840896,1712244863781,1712244869227,1712244870872,1712245354434,102,102,102,1712245355934,1712245358716,1712245559135,1712245562477,1712245570151,1712245604243
103,103,1712244840896,1712244870904,1712244876901,1712244878445,1712245306720,103,103,103,1712245355934,1712245358730,1712245577689,1712245583328,1712245587532,1712245604243
104,104,1712244840896,1712244870141,1712244876111,1712244877941,1712245290623,104,104,104,1712245355934,1712245358750,1712245562138,1712245566364,1712245573240,1712245604243
105,105,1712244840896,1712244870183,1712244875699,1712244877587,1712245293889,105,105,105,1712245355934,1712245358762,1712245567091,1712245573120,1712245578728,1712245604243
106,106,1712244840896,1712244869977,1712244875234,1712244876852,1712245297945,106,106,106,1712245355934,1712245358752,1712245576304,1712245581867,1712245584325,1712245604243
107,107,1712244840896,1712244869871,1712244875778,1712244877641,1712245320460,107,107,107,1712245355934,1712245358766,1712245575134,1712245580697,1712245583724,1712245604243
108,108,1712244840896,1712244869660,1712244875259,1712244877302,1712245297245,108,108,108,1712245355934,1712245358780,1712245578341,1712245583301,1712245585673,1712245604243
109,109,1712244840896,1712244869263,1712244875045,1712244876713,1712245317544,109,109,109,1712245355934,1712245358796,1712245551958,1712245556272,1712245566480,1712245604243
110,110,1712244840896,1712244869326,1712244874697,1712244876502,1712245319520,110,110,110,1712245355934,1712245358799,1712245558229,1712245560798,1712245567273,1712245604243
111,111,1712244840896,1712244869349,1712244875118,1712244877044,1712245343493,111,111,111,1712245355934,1712245358831,1712245571622,1712245576854,1712245581573,1712245604243
112,112,1712244840896,1712244872877,1712244878054,1712244879955,1712245298060,112,112,112,1712245355934,1712245358831,1712245579995,1712245584530,1712245586877,1712245604243
113,113,1712244840896,1712244872613,1712244878149,1712244880192,1712245303433,113,113,113,1712245355934,1712245358842,1712245558887,1712245562970,1712245572885,1712245604243
114,114,1712244840896,1712244872611,1712244877665,1712244879736,1712245342061,114,114,114,1712245355934,1712245358861,1712245574025,1712245577443,1712245580408,1712245604243
115,115,1712244840896,1712244871917,1712244876712,1712244878673,1712245318806,115,115,115,1712245355934,1712245358881,1712245569329,1712245574281,1712245579234,1712245604243
116,116,1712244840896,1712244871927,1712244877219,1712244879276,1712245300507,116,116,116,1712245355934,1712245358857,1712245573755,1712245578820,1712245580826,1712245604243
117,117,1712244840896,1712244871798,1712244877818,1712244879621,1712245301110,117,117,117,1712245355934,1712245358883,1712245570939,1712245576305,1712245580825,1712245604243
118,118,1712244840896,1712244871159,1712244876525,1712244878891,1712245339242,118,118,118,1712245355934,1712245358888,1712245567923,1712245571245,1712245577640,1712245604243
119,119,1712244840896,1712244870904,1712244876814,1712244879160,1712245341786,119,119,119,1712245355934,1712245358890,1712245569198,1712245572816,1712245577696,1712245604243
120,120,1712244840896,1712244871284,1712244877225,1712244879516,1712245315852,120,120,120,1712245355934,1712245358902,1712245542196,1712245545104,1712245554265,1712245604243
121,121,1712244840896,1712244870596,1712244876755,1712244878620,1712245342378,121,121,121,1712245355934,1712245358901,1712245570615,1712245574848,1712245580104,1712245604243
122,122,1712244840896,1712244889212,1712244895353,1712244897888,1712245342318,122,122,122,1712245355934,1712245358917,1712245577803,1712245582533,1712245584324,1712245604243
123,123,1712244840896,1712244889431,1712244895037,1712244897688,1712245345105,123,123,123,1712245355934,1712245358961,1712245552841,1712245556439,1712245563816,1712245604243
124,124,1712244840896,1712244889248,1712244895032,1712244897627,1712245342360,124,124,124,1712245355934,1712245358927,1712245579535,1712245584321,1712245586622,1712245604243
125,125,1712244840896,1712244888828,1712244894184,1712244896891,1712245344032,125,125,125,1712245355934,1712245358953,1712245553100,1712245557204,1712245566702,1712245604243
126,126,1712244840896,1712244888547,1712244894873,1712244897651,1712245345795,126,126,126,1712245355934,1712245358944,1712245548817,1712245551917,1712245561068,1712245604243
127,127,1712244840896,1712244888500,1712244893684,1712244896559,1712245347678,127,127,127,1712245355934,1712245358948,1712245560588,1712245564227,1712245570727,1712245604243
128,128,1712244840896,1712244887831,1712244892947,1712244895463,1712245348670,128,128,128,1712245355934,1712245358961,1712245570686,1712245576804,1712245580668,1712245604243
129,129,1712244840896,1712244887819,1712244894549,1712244897116,1712245346017,129,129,129,1712245355934,1712245358956,1712245559293,1712245563249,1712245572259,1712245604243
130,130,1712244840896,1712244887334,1712244893074,1712244895875,1712245347200,130,130,130,1712245355934,1712245358958,1712245575413,1712245578483,1712245580475,1712245604243
131,131,1712244840896,1712244887639,1712244893117,1712244895292,1712245323782,131,131,131,1712245355934,1712245359002,1712245556908,1712245560750,1712245568731,1712245604243
132,132,1712244840896,1712244887091,1712244893524,1712244896515,1712245345965,132,132,132,1712245355934,1712245358981,1712245558766,1712245562214,1712245571250,1712245604243
133,133,1712244840896,1712244887105,1712244893061,1712244895835,1712245325677,133,133,133,1712245355934,1712245358978,1712245571393,1712245575173,1712245579742,1712245604243
134,134,1712244840896,1712244886166,1712244891389,1712244894643,1712245341244,134,134,134,1712245355934,1712245358979,1712245569589,1712245575576,1712245581512,1712245604243
135,135,1712244840896,1712244886403,1712244891701,1712244893896,1712245337726,135,135,135,1712245355934,1712245358996,1712245556351,1712245559568,1712245568772,1712245604243
136,136,1712244840896,1712244885434,1712244890155,1712244893158,1712245335498,136,136,136,1712245355934,1712245359023,1712245573592,1712245576810,1712245579961,1712245604243
137,137,1712244840896,1712244886094,1712244891421,1712244894242,1712245344627,137,137,137,1712245355934,1712245358991,1712245570427,1712245574876,1712245579046,1712245604243
138,138,1712244840896,1712244886100,1712244891479,1712244894479,1712245347361,138,138,138,1712245355934,1712245359004,1712245576046,1712245581111,1712245584856,1712245604243
139,139,1712244840896,1712244885018,1712244890433,1712244892563,1712245346115,139,139,139,1712245355934,1712245359055,1712245563477,1712245567292,1712245574588,1712245604243
140,140,1712244840896,1712244885127,1712244890653,1712244893355,1712245338628,140,140,140,1712245355934,1712245359018,1712245578678,1712245584999,1712245588446,1712245604243
141,141,1712244840896,1712244884308,1712244890234,1712244892953,1712245325630,141,141,141,1712245355934,1712245359057,1712245559326,1712245564297,1712245573484,1712245604243
142,142,1712244840896,1712244884798,1712244890233,1712244893122,1712245346813,142,142,142,1712245355934,1712245359039,1712245575953,1712245580543,1712245582708,1712245604243
143,143,1712244840896,1712244884770,1712244890698,1712244892823,1712245346174,143,143,143,1712245355934,1712245359051,1712245571724,1712245575793,1712245579510,1712245604243
144,144,1712244840896,1712244884135,1712244889497,1712244891466,1712245347884,144,144,144,1712245355934,1712245359035,1712245570148,1712245574170,1712245579395,1712245604243
145,145,1712244840896,1712244883241,1712244888242,1712244891080,1712245342560,145,145,145,1712245355934,1712245359047,1712245562638,1712245565492,1712245572850,1712245604243
146,146,1712244840896,1712244883517,1712244889508,1712244891818,1712245337708,146,146,146,1712245355934,1712245359074,1712245568916,1712245574314,1712245580057,1712245604243
147,147,1712244840896,1712244884091,1712244889676,1712244892177,1712245346852,147,147,147,1712245355934,1712245359159,1712245566390,1712245571876,1712245578944,1712245604243
148,148,1712244840896,1712244883036,1712244887851,1712244890281,1712245343994,148,148,148,1712245355934,1712245359085,1712245570312,1712245577450,1712245581588,1712245604243
149,149,1712244840896,1712244880796,1712244886546,1712244888944,1712245346323,149,149,149,1712245355934,1712245359086,1712245578035,1712245585260,1712245588209,1712245604243
150,150,1712244840896,1712244883474,1712244888421,1712244891055,1712245348440,150,150,150,1712245355934,1712245359090,1712245556955,1712245562643,1712245574391,1712245604243
151,151,1712244840896,1712244880309,1712244885919,1712244888254,1712245339343,151,151,151,1712245355934,1712245359105,1712245562863,1712245568457,1712245575776,1712245604243
152,152,1712244840896,1712244880795,1712244885448,1712244887895,1712245341384,152,152,152,1712245355934,1712245359088,1712245547674,1712245550651,1712245560297,1712245604243
153,153,1712244840896,1712244879788,1712244885469,1712244888017,1712245339686,153,153,153,1712245355934,1712245359098,1712245565645,1712245569373,1712245577067,1712245604243
154,154,1712244840896,1712244879100,1712244885850,1712244888140,1712245334357,154,154,154,1712245355934,1712245359153,1712245555752,1712245559649,1712245568531,1712245604243
155,155,1712244840896,1712244879096,1712244884243,1712244886109,1712245342388,155,155,155,1712245355934,1712245359128,1712245550761,1712245553591,1712245562211,1712245604243
156,156,1712244840896,1712244880127,1712244885316,1712244887673,1712245339546,156,156,156,1712245355934,1712245359119,1712245577467,1712245583381,1712245585741,1712245604243
157,157,1712244840896,1712244879296,1712244884852,1712244887245,1712245346307,157,157,157,1712245355934,1712245359109,1712245563758,1712245569230,1712245577128,1712245604243
158,158,1712244840896,1712244878886,1712244884380,1712244886795,1712245343769,158,158,158,1712245355934,1712245359124,1712245577223,1712245582986,1712245586390,1712245604243
159,159,1712244840896,1712244878046,1712244883235,1712244885407,1712245341295,159,159,159,1712245355934,1712245359138,1712245565373,1712245570162,1712245576228,1712245604243
160,160,1712244840896,1712244878315,1712244884451,1712244886066,1712245290979,160,160,160,1712245355934,1712245359142,1712245574038,1712245577545,1712245580162,1712245604243
161,161,1712244840896,1712244877743,1712244883135,1712244885468,1712245340247,161,161,161,1712245355934,1712245359143,1712245579591,1712245584752,1712245587249,1712245604243
162,162,1712244840896,1712244877708,1712244883501,1712244885449,1712245335219,162,162,162,1712245355934,1712245359146,1712245555672,1712245558834,1712245566065,1712245604243
163,163,1712244840896,1712244877435,1712244883202,1712244885369,1712245316214,163,163,163,1712245355934,1712245359184,1712245561626,1712245565201,1712245573908,1712245604243
164,164,1712244840896,1712244877707,1712244882631,1712244885079,1712245338216,164,164,164,1712245355934,1712245359185,1712245570760,1712245575884,1712245579803,1712245604243
165,165,1712244840896,1712244877422,1712244882460,1712244885273,1712245320715,165,165,165,1712245355934,1712245359157,1712245565511,1712245570836,1712245577412,1712245604243
166,166,1712244840896,1712244877435,1712244882415,1712244884772,1712245317643,166,166,166,1712245355934,1712245359164,1712245555088,1712245558904,1712245568157,1712245604243
167,167,1712244840896,1712244876717,1712244881562,1712244883693,1712245339253,167,167,167,1712245355934,1712245359166,1712245543161,1712245546995,1712245559423,1712245604243
168,168,1712244840896,1712244876852,1712244881710,1712244883898,1712245347565,168,168,168,1712245355934,1712245359167,1712245562632,1712245568242,1712245576782,1712245604243
169,169,1712244840896,1712244876078,1712244881679,1712244884184,1712245335729,169,169,169,1712245355934,1712245359213,1712245567596,1712245572583,1712245582145,1712245604243
170,170,1712244840896,1712244875681,1712244881149,1712244883386,1712245346609,170,170,170,1712245355934,1712245359214,1712245561916,1712245565619,1712245572866,1712245604243
171,171,1712244840896,1712244876070,1712244881119,1712244883433,1712245337835,171,171,171,1712245355934,1712245359192,1712245577572,1712245583060,1712245585753,1712245604243
172,172,1712244840896,1712244875425,1712244880329,1712244882387,1712245340623,172,172,172,1712245355934,1712245359237,1712245577520,1712245582640,1712245585182,1712245604243
173,173,1712244840896,1712244875736,1712244880858,1712244882975,1712245331824,173,173,173,1712245355934,1712245359227,1712245568389,1712245574259,1712245579029,1712245604243
174,174,1712244840896,1712244875119,1712244881258,1712244883251,1712245316723,174,174,174,1712245355934,1712245359222,1712245572841,1712245577191,1712245582775,1712245604243
175,175,1712244840896,1712244874810,1712244881173,1712244883393,1712245336786,175,175,175,1712245355934,1712245359232,1712245574510,1712245578289,1712245580942,1712245604243
176,176,1712244840896,1712244875033,1712244881457,1712244884210,1712245336701,176,176,176,1712245355934,1712245362563,1712245525475,1712245530817,1712245546797,1712245604243
177,177,1712244840896,1712244874116,1712244880308,1712244882811,1712245341866,177,177,177,1712245355934,1712245362024,1712245507978,1712245512705,1712245524481,1712245604243
178,178,1712244840896,1712244874109,1712244879859,1712244882319,1712245337597,178,178,178,1712245355934,1712245362689,1712245507307,1712245512193,1712245525816,1712245604243
179,179,1712244840896,1712244873965,1712244879304,1712244881306,1712245306453,179,179,179,1712245355934,1712245361578,1712245516092,1712245521190,1712245535484,1712245604243
180,180,1712244840896,1712244873716,1712244879450,1712244881905,1712245339762,180,180,180,1712245355934,1712245361998,1712245509426,1712245513454,1712245522423,1712245604243
181,181,1712244840896,1712244873891,1712244880009,1712244882302,1712245334287,181,181,181,1712245355934,1712245362121,1712245505005,1712245508558,1712245517743,1712245604243
182,182,1712244840896,1712244873374,1712244877810,1712244879725,1712245320599,182,182,182,1712245355934,1712245362500,1712245520875,1712245526328,1712245540572,1712245604243
183,183,1712244840896,1712244873215,1712244879681,1712244881484,1712245332363,183,183,183,1712245355934,1712245363202,1712245504954,1712245507917,1712245517032,1712245604243
184,184,1712244840896,1712244892472,1712244897998,1712244900409,1712245311150,184,184,184,1712245355934,1712245363314,1712245510479,1712245514301,1712245524632,1712245604243
185,185,1712244840896,1712244892565,1712244897401,1712244899934,1712245337557,185,185,185,1712245355934,1712245359441,1712245581588,1712245586421,1712245588561,1712245604243
186,186,1712244840896,1712244892646,1712244898996,1712244901472,1712245344192,186,186,186,1712245355934,1712245359445,1712245567392,1712245572902,1712245579649,1712245604243
187,187,1712244840896,1712244892331,1712244897349,1712244900243,1712245346509,187,187,187,1712245355934,1712245359437,1712245578292,1712245583931,1712245586704,1712245604243
188,188,1712244840896,1712244891343,1712244896669,1712244899302,1712245343991,188,188,188,1712245355934,1712245359435,1712245559588,1712245564373,1712245574347,1712245604243
189,189,1712244840896,1712244891272,1712244897610,1712244900630,1712245347227,189,189,189,1712245355934,1712245359426,1712245537370,1712245540093,1712245548124,1712245604243
190,190,1712244840896,1712244890915,1712244895881,1712244898521,1712245346922,190,190,190,1712245355934,1712245359442,1712245570044,1712245575771,1712245582310,1712245604243
191,191,1712244840896,1712244891155,1712244897069,1712244899891,1712245343503,191,191,191,1712245355934,1712245359444,1712245575022,1712245580569,1712245583374,1712245604243
192,192,1712244840896,1712244890766,1712244896176,1712244898918,1712245347244,192,192,192,1712245355934,1712245359437,1712245566980,1712245573477,1712245582560,1712245604243
193,193,1712244840896,1712244851290,1712244856306,1712244857252,1712245254822,193,193,193,1712245355934,1712245359438,1712245537012,1712245539267,1712245548135,1712245604243
194,194,1712244840896,1712244852701,1712244858159,1712244859250,1712245289087,194,194,194,1712245355934,1712245359439,1712245578008,1712245582026,1712245583819,1712245604243
195,195,1712244840896,1712244851144,1712244857153,1712244858168,1712245274968,195,195,195,1712245355934,1712245359441,1712245576249,1712245581776,1712245584061,1712245604243
196,196,1712244840896,1712244851662,1712244856763,1712244857685,1712245262048,196,196,196,1712245355934,1712245359435,1712245568186,1712245574186,1712245582456,1712245604243
197,197,1712244840896,1712244854291,1712244860736,1712244861682,1712245293103,197,197,197,1712245355934,1712245359445,1712245580403,1712245586443,1712245592022,1712245604243
198,198,1712244840896,1712244852628,1712244857364,1712244858319,1712245246006,198,198,198,1712245355934,1712245359441,1712245573423,1712245579493,1712245582812,1712245604243
199,199,1712244840896,1712244850328,1712244855904,1712244856868,1712245259727,199,199,199,1712245355934,1712245359435,1712245583362,1712245588184,1712245591688,1712245604243
200,200,1712244840896,1712244851565,1712244856360,1712244857362,1712245266842,200,200,200,1712245355934,1712245359446,1712245561980,1712245565932,1712245574866,1712245604243
201,201,1712244840896,1712244854418,1712244860155,1712244861211,1712245246031,201,201,201,1712245355934,1712245359444,1712245571334,1712245575319,1712245581081,1712245604243
202,202,1712244840896,1712244852742,1712244857440,1712244858415,1712245201295,202,202,202,1712245355934,1712245359445,1712245546547,1712245549150,1712245557733,1712245604243
203,203,1712244840896,1712244854305,1712244860358,1712244861543,1712245258689,203,203,203,1712245355934,1712245359431,1712245566696,1712245572678,1712245580750,1712245604243
204,204,1712244840896,1712244850172,1712244855632,1712244856529,1712245264851,204,204,204,1712245355934,1712245359445,1712245572521,1712245577676,1712245582581,1712245604243
205,205,1712244840896,1712244854265,1712244859832,1712244860689,1712245279538,205,205,205,1712245355934,1712245359448,1712245582451,1712245587177,1712245591074,1712245604243
206,206,1712244840896,1712244849662,1712244854882,1712244855742,1712245248016,206,206,206,1712245355934,1712245359442,1712245578845,1712245583871,1712245586027,1712245604243
207,207,1712244840896,1712244853377,1712244858441,1712244859405,1712245213151,207,207,207,1712245355934,1712245359450,1712245580177,1712245586052,1712245588811,1712245604243
208,208,1712244840896,1712244849401,1712244854843,1712244855693,1712245242765,208,208,208,1712245355934,1712245359446,1712245579110,1712245585522,1712245589187,1712245604243
209,209,1712244840896,1712244850212,1712244856102,1712244857041,1712245238047,209,209,209,1712245355934,1712245359441,1712245562990,1712245568146,1712245576882,1712245604243
210,210,1712244840896,1712244849310,1712244854795,1712244855739,1712245259569,210,210,210,1712245355934,1712245359446,1712245574031,1712245579499,1712245582939,1712245604243
211,211,1712244840896,1712244854165,1712244859557,1712244860648,1712245328006,211,211,211,1712245355934,1712245359442,1712245571183,1712245575383,1712245580455,1712245604243
212,212,1712244840896,1712244853819,1712244860608,1712244861653,1712245289426,212,212,212,1712245355934,1712245359436,1712245556572,1712245560486,1712245570585,1712245604243
213,213,1712244840896,1712244850172,1712244855027,1712244855881,1712245263251,213,213,213,1712245355934,1712245359448,1712245553477,1712245556873,1712245565433,1712245604243
214,214,1712244840896,1712244849655,1712244854936,1712244855723,1712245188702,214,214,214,1712245355934,1712245359450,1712245561002,1712245565297,1712245575030,1712245604243
215,215,1712244840896,1712244849500,1712244854586,1712244855437,1712245233040,215,215,215,1712245355934,1712245359450,1712245570292,1712245574395,1712245581440,1712245604243
216,216,1712244840896,1712244853499,1712244859715,1712244860712,1712245278684,216,216,216,1712245355934,1712245359450,1712245579008,1712245582240,1712245584053,1712245604243
217,217,1712244840896,1712244852601,1712244857519,1712244858495,1712245239331,217,217,217,1712245355934,1712245359451,1712245572306,1712245576761,1712245582202,1712245604243
218,218,1712244840896,1712244857290,1712244862935,1712244863947,1712245258407,218,218,218,1712245355934,1712245359455,1712245569502,1712245575332,1712245581565,1712245604243
219,219,1712244840896,1712244856665,1712244861866,1712244862872,1712245304907,219,219,219,1712245355934,1712245359456,1712245574068,1712245579605,1712245583544,1712245604243
220,220,1712244840896,1712244857244,1712244862220,1712244863551,1712245265760,220,220,220,1712245355934,1712245359457,1712245570852,1712245574902,1712245579994,1712245604243
221,221,1712244840896,1712244856239,1712244861423,1712244862445,1712245276635,221,221,221,1712245355934,1712245359468,1712245569094,1712245573214,1712245580204,1712245604243
222,222,1712244840896,1712244856233,1712244862386,1712244863570,1712245289815,222,222,222,1712245355934,1712245359468,1712245560222,1712245564559,1712245574202,1712245604243
223,223,1712244840896,1712244856231,1712244862194,1712244863361,1712245289590,223,223,223,1712245355934,1712245359471,1712245574830,1712245578840,1712245582684,1712245604243
224,224,1712244840896,1712244855449,1712244861625,1712244862537,1712245289282,224,224,224,1712245355934,1712245359478,1712245573086,1712245576524,1712245580746,1712245604243
225,225,1712244840896,1712244856085,1712244861288,1712244862454,1712245299939,225,225,225,1712245355934,1712245359480,1712245572535,1712245577740,1712245584734,1712245604243
226,226,1712244840896,1712244855189,1712244860433,1712244861361,1712245293459,226,226,226,1712245355934,1712245359483,1712245549688,1712245552656,1712245560369,1712245604243
227,227,1712244840896,1712244855195,1712244861512,1712244862441,1712245275345,227,227,227,1712245355934,1712245359492,1712245561511,1712245567021,1712245576997,1712245604243
228,228,1712244840896,1712244857524,1712244862623,1712244863726,1712245298045,228,228,228,1712245355934,1712245359503,1712245558931,1712245562538,1712245571124,1712245604243
229,229,1712244840896,1712244858184,1712244863873,1712244864931,1712245281752,229,229,229,1712245355934,1712245359497,1712245557060,1712245562452,1712245574132,1712245604243
230,230,1712244840896,1712244858192,1712244863543,1712244864481,1712245296635,230,230,230,1712245355934,1712245359505,1712245558039,1712245561590,1712245569318,1712245604243
231,231,1712244840896,1712244858028,1712244863169,1712244864094,1712245286804,231,231,231,1712245355934,1712245359509,1712245556281,1712245560695,1712245571641,1712245604243
232,232,1712244840896,1712244857539,1712244863238,1712244864227,1712245299760,232,232,232,1712245355934,1712245359518,1712245569263,1712245572339,1712245578267,1712245604243
233,233,1712244840896,1712244864449,1712244870751,1712244872065,1712245309234,233,233,233,1712245355934,1712245359519,1712245569756,1712245574858,1712245581001,1712245604243
234,234,1712244840896,1712244864283,1712244870652,1712244871969,1712245318915,234,234,234,1712245355934,1712245359523,1712245567339,1712245572264,1712245579590,1712245604243
235,235,1712244840896,1712244863671,1712244869083,1712244870183,1712245311972,235,235,235,1712245355934,1712245359536,1712245565517,1712245569829,1712245578268,1712245604243
236,236,1712244840896,1712244863929,1712244869548,1712244870696,1712245303079,236,236,236,1712245355934,1712245359545,1712245565785,1712245570429,1712245578500,1712245604243
237,237,1712244840896,1712244863615,1712244869096,1712244870216,1712245303942,237,237,237,1712245355934,1712245359551,1712245563260,1712245568355,1712245577272,1712245604243
238,238,1712244840896,1712244863472,1712244868733,1712244870003,1712245297453,238,238,238,1712245355934,1712245359572,1712245569216,1712245573727,1712245579946,1712245604243
239,239,1712244840896,1712244862932,1712244869431,1712244870650,1712245306139,239,239,239,1712245355934,1712245359588,1712245569338,1712245575145,1712245581910,1712245604243
240,240,1712244840896,1712244862916,1712244869026,1712244870226,1712245314494,240,240,240,1712245355934,1712245359614,1712245574318,1712245579963,1712245582642,1712245604243
241,241,1712244840896,1712244862921,1712244868349,1712244869567,1712245304161,241,241,241,1712245355934,1712245359612,1712245558285,1712245561712,1712245570817,1712245604243
242,242,1712244840896,1712244862015,1712244867112,1712244868241,1712245296880,242,242,242,1712245355934,1712245359611,1712245576847,1712245583425,1712245586440,1712245604243
243,243,1712244840896,1712244862720,1712244868009,1712244869275,1712245311341,243,243,243,1712245355934,1712245359645,1712245568319,1712245575552,1712245582600,1712245604243
244,244,1712244840896,1712244861936,1712244868636,1712244869808,1712245300689,244,244,244,1712245355934,1712245359628,1712245562764,1712245566419,1712245574284,1712245604243
245,245,1712244840896,1712244860848,1712244866047,1712244867146,1712245300292,245,245,245,1712245355934,1712245359632,1712245559030,1712245564922,1712245575142,1712245604243
246,246,1712244840896,1712244861943,1712244866918,1712244868107,1712245305695,246,246,246,1712245355934,1712245359652,1712245569975,1712245575506,1712245581801,1712245604243
247,247,1712244840896,1712244860715,1712244866152,1712244867192,1712245306504,247,247,247,1712245355934,1712245359645,1712245567983,1712245572736,1712245579638,1712245604243
248,248,1712244840896,1712244861955,1712244867290,1712244868355,1712245309332,248,248,248,1712245355934,1712245359644,1712245580293,1712245583933,1712245585869,1712245604243
249,249,1712244840896,1712244860606,1712244866267,1712244867286,1712245297573,249,249,249,1712245355934,1712245359663,1712245551406,1712245554297,1712245562795,1712245604243
250,250,1712244840896,1712244860580,1712244866077,1712244867190,1712245308787,250,250,250,1712245355934,1712245359668,1712245569802,1712245574472,1712245581003,1712245604243
251,251,1712244840896,1712244860072,1712244865555,1712244866715,1712245295160,251,251,251,1712245355934,1712245359657,1712245580307,1712245586090,1712245588882,1712245604243
252,252,1712244840896,1712244858915,1712244865836,1712244866903,1712245311115,252,252,252,1712245355934,1712245359669,1712245554771,1712245558691,1712245569590,1712245604243
253,253,1712244840896,1712244859573,1712244865185,1712244866647,1712245257057,253,253,253,1712245355934,1712245359686,1712245572162,1712245576735,1712245581403,1712245604243
254,254,1712244840896,1712244859572,1712244865343,1712244866421,1712245314516,254,254,254,1712245355934,1712245359701,1712245563249,1712245568002,1712245576186,1712245604243
255,255,1712244840896,1712244865297,1712244870547,1712244871918,1712245319279,255,255,255,1712245355934,1712245359713,1712245579702,1712245584821,1712245588355,1712245604243
256,256,1712244840896,1712244858958,1712244863681,1712244864821,1712245304601,256,256,256,1712245355934,1712245359725,1712245549127,1712245551992,1712245560482,1712245604243
257,257,1712244840896,1712244859067,1712244864381,1712244865372,1712245296525,257,257,257,1712245355934,1712245359703,1712245553820,1712245557205,1712245565672,1712245604243
258,258,1712244840896,1712244858716,1712244863819,1712244864924,1712245282043,258,258,258,1712245355934,1712245359704,1712245564865,1712245570351,1712245579415,1712245604243
259,259,1712244840896,1712244865270,1712244870602,1712244872035,1712245324659,259,259,259,1712245355934,1712245359727,1712245569260,1712245574435,1712245581455,1712245604243
260,260,1712244840896,1712244865024,1712244870361,1712244871947,1712245301251,260,260,260,1712245355934,1712245359737,1712245571629,1712245578267,1712245582670,1712245604243
261,261,1712244840896,1712244864586,1712244870163,1712244871715,1712245308185,261,261,261,1712245355934,1712245359722,1712245543705,1712245547485,1712245558540,1712245604243
262,262,1712244840896,1712244865006,1712244871071,1712244872545,1712245304448,262,262,262,1712245355934,1712245359717,1712245551448,1712245555139,1712245563771,1712245604243
263,263,1712244840896,1712244864581,1712244870693,1712244872123,1712245305245,263,263,263,1712245355934,1712245359744,1712245579204,1712245583366,1712245585226,1712245604243
264,264,1712244840896,1712244876382,1712244882089,1712244883647,1712245336215,264,264,264,1712245355934,1712245359740,1712245556747,1712245561375,1712245573359,1712245604243
265,265,1712244840896,1712244876688,1712244881704,1712244883610,1712245326507,265,265,265,1712245355934,1712245359754,1712245556121,1712245559768,1712245569512,1712245604243
266,266,1712244840896,1712244874673,1712244880392,1712244881947,1712245326044,266,266,266,1712245355934,1712245359749,1712245547112,1712245550846,1712245561005,1712245604243
267,267,1712244840896,1712244876431,1712244881066,1712244882528,1712245333834,267,267,267,1712245355934,1712245359767,1712245577266,1712245580812,1712245582616,1712245604243
268,268,1712244840896,1712244874199,1712244879826,1712244881523,1712245335246,268,268,268,1712245355934,1712245359746,1712245561130,1712245565072,1712245573974,1712245604243
269,269,1712244840896,1712244874045,1712244878609,1712244880372,1712245316242,269,269,269,1712245355934,1712245359744,1712245563134,1712245566741,1712245575911,1712245604243
270,270,1712244840896,1712244874051,1712244879085,1712244880449,1712245330325,270,270,270,1712245355934,1712245359757,1712245563197,1712245569419,1712245580550,1712245604243
271,271,1712244840896,1712244873752,1712244879578,1712244881390,1712245337152,271,271,271,1712245355934,1712245359761,1712245571759,1712245575868,1712245580682,1712245604243
272,272,1712244840896,1712244873482,1712244878385,1712244880018,1712245332308,272,272,272,1712245355934,1712245359782,1712245578499,1712245584750,1712245587169,1712245604243
273,273,1712244840896,1712244873183,1712244878992,1712244880785,1712245299230,273,273,273,1712245355934,1712245359784,1712245561154,1712245564931,1712245575520,1712245604243
274,274,1712244840896,1712244872953,1712244877690,1712244879490,1712245273938,274,274,274,1712245355934,1712245359782,1712245553944,1712245557141,1712245566656,1712245604243
275,275,1712244840896,1712244873273,1712244878901,1712244881055,1712245320493,275,275,275,1712245355934,1712245359780,1712245573153,1712245578986,1712245582269,1712245604243
276,276,1712244840896,1712244872418,1712244877574,1712244879117,1712245274628,276,276,276,1712245355934,1712245359791,1712245560906,1712245567090,1712245578839,1712245604243
277,277,1712244840896,1712244871312,1712244876978,1712244878375,1712245334984,277,277,277,1712245355934,1712245359792,1712245575755,1712245581756,1712245586251,1712245604243
278,278,1712244840896,1712244872080,1712244877248,1712244879230,1712245336092,278,278,278,1712245355934,1712245359805,1712245550773,1712245554967,1712245565197,1712245604243
279,279,1712244840896,1712244871604,1712244877378,1712244878913,1712245330159,279,279,279,1712245355934,1712245359813,1712245570770,1712245576229,1712245581333,1712245604243
280,280,1712244840896,1712244872418,1712244877416,1712244879155,1712245307758,280,280,280,1712245355934,1712245359799,1712245556249,1712245560945,1712245570635,1712245604243
281,281,1712244840896,1712244871168,1712244876674,1712244878599,1712245302105,281,281,281,1712245355934,1712245359835,1712245576416,1712245582121,1712245585453,1712245604243
282,282,1712244840896,1712244871299,1712244876458,1712244877906,1712245319549,282,282,282,1712245355934,1712245359845,1712245579090,1712245582695,1712245584338,1712245604243
283,283,1712244840896,1712244870910,1712244876494,1712244878079,1712245335912,283,283,283,1712245355934,1712245359827,1712245574095,1712245578464,1712245582647,1712245604243
284,284,1712244840896,1712244870602,1712244876242,1712244877863,1712245332414,284,284,284,1712245355934,1712245359820,1712245554054,1712245559449,1712245570806,1712245604243
285,285,1712244840896,1712244870139,1712244875805,1712244877291,1712245333217,285,285,285,1712245355934,1712245359838,1712245561840,1712245565549,1712245574906,1712245604243
286,286,1712244840896,1712244869296,1712244873759,1712244874968,1712245292539,286,286,286,1712245355934,1712245359835,1712245565692,1712245569512,1712245576996,1712245604243
287,287,1712244840896,1712244869848,1712244875449,1712244877155,1712245309376,287,287,287,1712245355934,1712245359845,1712245570565,1712245574327,1712245579271,1712245604243
288,288,1712244840896,1712244868837,1712244874451,1712244875973,1712245316629,288,288,288,1712245355934,1712245359859,1712245557703,1712245560594,1712245568031,1712245604243
289,289,1712244840896,1712244868974,1712244875247,1712244876906,1712245316278,289,289,289,1712245355934,1712245359861,1712245580027,1712245585654,1712245590533,1712245604243
290,290,1712244840896,1712244868801,1712244875215,1712244876701,1712245325558,290,290,290,1712245355934,1712245359890,1712245569288,1712245573482,1712245579914,1712245604243
291,291,1712244840896,1712244868718,1712244874791,1712244876290,1712245325611,291,291,291,1712245355934,1712245359880,1712245561905,1712245567959,1712245578566,1712245604243
292,292,1712244840896,1712244868559,1712244873752,1712244875169,1712245322356,292,292,292,1712245355934,1712245359926,1712245573190,1712245578468,1712245583204,1712245604243
293,293,1712244840896,1712244868322,1712244873902,1712244875305,1712245319819,293,293,293,1712245355934,1712245359966,1712245578142,1712245583708,1712245586160,1712245604243
294,294,1712244840896,1712244867893,1712244873375,1712244874701,1712245313646,294,294,294,1712245355934,1712245359910,1712245562275,1712245565329,1712245571565,1712245604243
295,295,1712244840896,1712244867643,1712244872563,1712244873844,1712245311470,295,295,295,1712245355934,1712245359913,1712245581751,1712245586758,1712245589277,1712245604243
296,296,1712244840896,1712244878794,1712244884725,1712244886782,1712245332843,296,296,296,1712245355934,1712245359936,1712245578607,1712245583430,1712245585684,1712245604243
297,297,1712244840896,1712244878418,1712244883569,1712244885423,1712245334966,297,297,297,1712245355934,1712245359950,1712245563082,1712245567112,1712245574640,1712245604243
298,298,1712244840896,1712244877868,1712244883683,1712244885743,1712245331446,298,298,298,1712245355934,1712245359951,1712245561914,1712245563857,1712245568548,1712245604243
299,299,1712244840896,1712244877838,1712244882404,1712244883857,1712245329482,299,299,299,1712245355934,1712245359963,1712245572578,1712245575937,1712245580633,1712245604243
300,300,1712244840896,1712244877664,1712244883340,1712244885319,1712245329671,300,300,300,1712245355934,1712245359983,1712245558090,1712245561975,1712245570196,1712245604243
301,301,1712244840896,1712244877722,1712244884057,1712244885910,1712245334991,301,301,301,1712245355934,1712245360047,1712245568744,1712245573945,1712245581141,1712245604243
302,302,1712244840896,1712244877786,1712244883634,1712244885588,1712245325051,302,302,302,1712245355934,1712245359966,1712245559908,1712245566326,1712245575954,1712245604243
303,303,1712244840896,1712244876825,1712244882559,1712244884320,1712245337022,303,303,303,1712245355934,1712245360009,1712245569782,1712245573579,1712245579906,1712245604243
304,304,1712244840896,1712244876787,1712244882873,1712244884846,1712245336146,304,304,304,1712245355934,1712245360032,1712245576316,1712245582507,1712245585022,1712245604243
305,305,1712244840896,1712244876716,1712244882162,1712244883947,1712245339408,305,305,305,1712245355934,1712245359988,1712245562651,1712245566220,1712245572908,1712245604243
306,306,1712244840896,1712244880447,1712244886596,1712244888622,1712245315852,306,306,306,1712245355934,1712245359995,1712245581572,1712245587017,1712245589593,1712245604243
307,307,1712244840896,1712244880482,1712244887149,1712244889000,1712245335204,307,307,307,1712245355934,1712245360005,1712245575326,1712245579497,1712245583221,1712245604243
308,308,1712244840896,1712244880522,1712244886197,1712244888060,1712245324360,308,308,308,1712245355934,1712245360048,1712245572176,1712245578064,1712245583318,1712245604243
309,309,1712244840896,1712244880755,1712244886506,1712244888366,1712245336961,309,309,309,1712245355934,1712245360042,1712245579609,1712245584228,1712245586670,1712245604243
310,310,1712244840896,1712244880135,1712244885636,1712244887733,1712245338912,310,310,310,1712245355934,1712245360099,1712245578633,1712245582033,1712245584076,1712245604243
311,311,1712244840896,1712244879473,1712244884416,1712244886292,1712245334120,311,311,311,1712245355934,1712245360016,1712245571646,1712245580463,1712245585366,1712245604243
312,312,1712244840896,1712244879022,1712244884868,1712244886992,1712245323911,312,312,312,1712245355934,1712245360030,1712245546877,1712245550305,1712245558125,1712245604243
313,313,1712244840896,1712244878983,1712244884402,1712244886160,1712245334588,313,313,313,1712245355934,1712245360033,1712245546326,1712245549291,1712245556556,1712245604243
314,314,1712244840896,1712244879220,1712244885147,1712244887183,1712245335719,314,314,314,1712245355934,1712245360062,1712245578355,1712245584203,1712245586652,1712245604243
315,315,1712244840896,1712244894169,1712244899691,1712244902322,1712245333582,315,315,315,1712245355934,1712245360061,1712245569239,1712245573701,1712245580431,1712245604243
316,316,1712244840896,1712244895190,1712244900715,1712244903524,1712245336505,316,316,316,1712245355934,1712245360073,1712245562936,1712245566586,1712245574088,1712245604243
317,317,1712244840896,1712244893126,1712244898788,1712244901390,1712245340393,317,317,317,1712245355934,1712245360090,1712245560472,1712245563145,1712245570514,1712245604243
318,318,1712244840896,1712244893078,1712244897688,1712244900353,1712245340322,318,318,318,1712245355934,1712245360124,1712245575122,1712245578974,1712245581604,1712245604243
319,319,1712244840896,1712244893044,1712244897623,1712244900539,1712245337565,319,319,319,1712245355934,1712245360136,1712245548519,1712245551600,1712245562458,1712245604243
320,320,1712244840896,1712244892613,1712244898031,1712244901016,1712245332200,320,320,320,1712245355934,1712245360143,1712245563948,1712245567415,1712245574786,1712245604243
321,321,1712244840896,1712244893175,1712244898874,1712244901554,1712245334996,321,321,321,1712245355934,1712245360156,1712245576347,1712245581368,1712245583363,1712245604243
322,322,1712244840896,1712244892424,1712244898120,1712244900204,1712245338864,322,322,322,1712245355934,1712245360144,1712245532477,1712245535012,1712245545759,1712245604243
323,323,1712244840896,1712244892986,1712244897545,1712244900296,1712245340199,323,323,323,1712245355934,1712245360117,1712245576812,1712245582374,1712245586226,1712245604243
324,324,1712244840896,1712244893302,1712244898616,1712244900983,1712245331343,324,324,324,1712245355934,1712245360109,1712245579806,1712245584804,1712245587093,1712245604243
325,325,1712244840896,1712244892083,1712244898728,1712244901126,1712245332336,325,325,325,1712245355934,1712245360126,1712245571402,1712245575407,1712245580043,1712245604243
326,326,1712244840896,1712244890660,1712244896110,1712244898633,1712245330798,326,326,326,1712245355934,1712245360146,1712245553774,1712245556278,1712245564084,1712245604243
327,327,1712244840896,1712244891041,1712244897216,1712244899695,1712245292294,327,327,327,1712245355934,1712245360151,1712245572994,1712245577944,1712245600157,1712245604243
328,328,1712244840896,1712244893132,1712244898175,1712244900478,1712245338155,328,328,328,1712245355934,1712245360136,1712245571176,1712245575512,1712245580975,1712245604243
329,329,1712244840896,1712244889998,1712244895248,1712244896908,1712245295390,329,329,329,1712245355934,1712245360156,1712245570812,1712245576341,1712245582811,1712245604243
330,330,1712244840896,1712244891039,1712244896338,1712244899056,1712245335824,330,330,330,1712245355934,1712245360152,1712245555700,1712245559426,1712245566877,1712245604243
331,331,1712244840896,1712244889751,1712244894992,1712244897675,1712245331874,331,331,331,1712245355934,1712245360157,1712245573344,1712245577724,1712245581830,1712245604243
332,332,1712244840896,1712244889702,1712244894886,1712244897160,1712245338057,332,332,332,1712245355934,1712245360158,1712245573313,1712245579437,1712245582776,1712245604243
333,333,1712244840896,1712244889135,1712244894731,1712244897314,1712245338795,333,333,333,1712245355934,1712245360180,1712245557523,1712245560947,1712245569179,1712245604243
334,334,1712244840896,1712244889201,1712244894862,1712244897864,1712245330995,334,334,334,1712245355934,1712245360190,1712245565333,1712245568345,1712245574884,1712245604243
335,335,1712244840896,1712244888312,1712244893465,1712244896037,1712245338658,335,335,335,1712245355934,1712245360234,1712245559955,1712245564267,1712245573393,1712245604243
336,336,1712244840896,1712244887914,1712244893397,1712244895635,1712245289603,336,336,336,1712245355934,1712245360218,1712245568411,1712245573317,1712245579718,1712245604243
337,337,1712244840896,1712244887914,1712244894416,1712244896368,1712245310627,337,337,337,1712245355934,1712245360216,1712245574292,1712245577655,1712245582302,1712245604243
338,338,1712244840896,1712244888052,1712244894282,1712244896381,1712245335231,338,338,338,1712245355934,1712245360255,1712245572334,1712245579370,1712245582757,1712245604243
339,339,1712244840896,1712244888029,1712244893275,1712244895629,1712245336158,339,339,339,1712245355934,1712245360244,1712245579458,1712245584657,1712245586973,1712245604243
340,340,1712244840896,1712244887844,1712244893396,1712244895552,1712245316937,340,340,340,1712245355934,1712245360240,1712245562462,1712245566104,1712245573652,1712245604243
341,341,1712244840896,1712244887090,1712244892108,1712244894236,1712245310016,341,341,341,1712245355934,1712245360285,1712245578810,1712245583295,1712245585285,1712245604243
342,342,1712244840896,1712244886447,1712244891904,1712244894354,1712245332783,342,342,342,1712245355934,1712245360264,1712245565397,1712245570027,1712245576810,1712245604243
343,343,1712244840896,1712244886562,1712244892555,1712244894387,1712245324352,343,343,343,1712245355934,1712245360311,1712245574338,1712245579841,1712245584003,1712245604243
344,344,1712244840896,1712244885436,1712244892696,1712244894859,1712245337890,344,344,344,1712245355934,1712245360301,1712245567303,1712245571053,1712245578234,1712245604243
345,345,1712244840896,1712244885599,1712244890814,1712244893122,1712245332463,345,345,345,1712245355934,1712245360283,1712245578425,1712245582642,1712245584945,1712245604243
346,346,1712244840896,1712244886345,1712244892103,1712244894134,1712245295533,346,346,346,1712245355934,1712245360305,1712245561087,1712245564736,1712245572494,1712245604243
347,347,1712244840896,1712244885438,1712244890468,1712244893095,1712245334990,347,347,347,1712245355934,1712245360318,1712245578021,1712245582944,1712245587562,1712245604243
348,348,1712244840896,1712244885834,1712244891596,1712244894007,1712245332716,348,348,348,1712245355934,1712245360311,1712245565812,1712245569300,1712245575830,1712245604243
349,349,1712244840896,1712244885312,1712244890303,1712244892547,1712245315833,349,349,349,1712245355934,1712245360325,1712245555094,1712245558366,1712245566206,1712245604243
350,350,1712244840896,1712244884808,1712244889716,1712244892078,1712245338057,350,350,350,1712245355934,1712245360323,1712245561807,1712245566205,1712245574885,1712245604243
351,351,1712244840896,1712244883892,1712244890183,1712244892848,1712245324080,351,351,351,1712245355934,1712245360345,1712245567317,1712245571284,1712245577086,1712245604243
352,352,1712244840896,1712244884009,1712244889721,1712244891797,1712245330803,352,352,352,1712245355934,1712245360366,1712245576486,1712245580508,1712245582764,1712245604243
353,353,1712244840896,1712244884221,1712244889385,1712244891797,1712245327243,353,353,353,1712245355934,1712245360385,1712245578279,1712245584109,1712245586157,1712245604243
354,354,1712244840896,1712244882845,1712244888342,1712244889976,1712245339298,354,354,354,1712245355934,1712245360418,1712245565106,1712245568652,1712245575946,1712245604243
355,355,1712244840896,1712244882948,1712244887586,1712244889584,1712245336486,355,355,355,1712245355934,1712245360416,1712245573441,1712245579744,1712245583583,1712245604243
356,356,1712244840896,1712244883567,1712244888129,1712244890848,1712245338201,356,356,356,1712245355934,1712245360414,1712245565195,1712245569876,1712245577868,1712245604243
357,357,1712244840896,1712244882971,1712244887606,1712244889838,1712245338246,357,357,357,1712245355934,1712245360414,1712245564683,1712245569780,1712245579005,1712245604243
358,358,1712244840896,1712244882617,1712244887518,1712244889240,1712245305639,358,358,358,1712245355934,1712245360428,1712245577489,1712245583458,1712245586226,1712245604243
359,359,1712244840896,1712244883030,1712244888306,1712244890816,1712245337869,359,359,359,1712245355934,1712245360429,1712245543927,1712245546531,1712245555263,1712245604243
360,360,1712244840896,1712244882576,1712244887866,1712244890011,1712245320514,360,360,360,1712245355934,1712245363831,1712245505425,1712245509731,1712245522280,1712245604243
361,361,1712244840896,1712244881837,1712244886321,1712244888609,1712245334225,361,361,361,1712245355934,1712245363815,1712245527922,1712245532556,1712245547154,1712245604243
362,362,1712244840896,1712244881741,1712244887625,1712244890145,1712245332828,362,362,362,1712245355934,1712245363563,1712245506927,1712245511490,1712245528057,1712245604243
363,363,1712244840896,1712244881709,1712244887893,1712244889907,1712245303518,363,363,363,1712245355934,1712245363697,1712245506667,1712245510942,1712245522951,1712245604243
364,364,1712244840896,1712244881412,1712244886570,1712244888599,1712245336814,364,364,364,1712245355934,1712245363812,1712245511429,1712245514642,1712245524713,1712245604243
365,365,1712244840896,1712244881496,1712244886960,1712244888748,1712245326964,365,365,365,1712245355934,1712245362591,1712245501791,1712245505373,1712245515349,1712245604243
366,366,1712244840896,1712244881496,1712244886940,1712244888935,1712245332634,366,366,366,1712245355934,1712245363163,1712245506218,1712245509838,1712245521401,1712245604243
367,367,1712244840896,1712244898442,1712244903783,1712244906130,1712245339017,367,367,367,1712245355934,1712245360136,1712245548519,1712245551600,1712245562458,1712245604243
368,368,1712244840896,1712244898164,1712244904608,1712244907683,1712245337806,368,368,368,1712245355934,1712245358520,1712245562549,1712245566742,1712245574574,1712245604243
369,369,1712244840896,1712244897804,1712244903003,1712244905929,1712245338761,369,369,369,1712245355934,1712245358366,1712245576303,1712245582434,1712245585047,1712245604243
370,370,1712244840896,1712244897549,1712244903112,1712244906055,1712245335750,370,370,370,1712245355934,1712245358447,1712245567533,1712245571408,1712245577392,1712245604243
371,371,1712244840896,1712244896536,1712244902029,1712244905168,1712245334222,371,371,371,1712245355934,1712245359910,1712245562275,1712245565329,1712245571565,1712245604243
372,372,1712244840896,1712244897159,1712244903474,1712244906017,1712245339258,372,372,372,1712245355934,1712245360030,1712245546877,1712245550305,1712245558125,1712245604243
373,373,1712244840896,1712244897718,1712244902775,1712244905614,1712245340061,373,373,373,1712245355934,1712245359704,1712245564865,1712245570351,1712245579415,1712245604243
374,374,1712244840896,1712244895840,1712244900148,1712244902902,1712245337835,374,374,374,1712245355934,1712245358384,1712245567817,1712245572124,1712245577699,1712245604243
375,375,1712244840896,1712244896019,1712244901841,1712244904949,1712245334810,375,375,375,1712245355934,1712245359213,1712245567596,1712245572583,1712245582145,1712245604243
376,376,1712244840896,1712244896459,1712244901725,1712244904728,1712245338234,376,376,376,1712245355934,1712245359004,1712245576046,1712245581111,1712245584856,1712245604243
377,377,1712244840896,1712244896106,1712244902555,1712244905561,1712245340789,377,377,377,1712245355934,1712245358366,1712245579091,1712245583566,1712245585979,1712245604243
378,378,1712244840896,1712244895077,1712244900012,1712244902864,1712245340144,378,378,378,1712245355934,1712245358762,1712245567091,1712245573120,1712245578728,1712245604243
379,379,1712244840896,1712244898805,1712244904133,1712244906829,1712245323395,379,379,379,1712245355934,1712245358902,1712245542196,1712245545104,1712245554265,1712245604243
380,380,1712244840896,1712244898899,1712244904258,1712244907289,1712245339027,380,380,380,1712245355934,1712245359704,1712245564865,1712245570351,1712245579415,1712245604243
381,381,1712244840896,1712244898639,1712244904515,1712244907716,1712245336825,381,381,381,1712245355934,1712245359480,1712245572535,1712245577740,1712245584734,1712245604243
382,382,1712244840896,1712244897811,1712244903320,1712244906210,1712245326051,382,382,382,1712245355934,1712245358388,1712245569513,1712245575649,1712245580019,1712245604243
383,383,1712244840896,1712244897765,1712244904184,1712244906794,1712245330148,383,383,383,1712245355934,1712245359611,1712245576847,1712245583425,1712245586440,1712245604243
