fn_id,host_submit_map,init_fn_map,post_download_map,pre_upload_map,end_fn_map
0,1712244840896,1712244847240,1712244852480,1712244853417,1712245245872
1,1712244840896,1712244845953,1712244851895,1712244852775,1712245278397
2,1712244840896,1712244845867,1712244851116,1712244851932,1712245313918
3,1712244840896,1712244847580,1712244853717,1712244854638,1712245266346
4,1712244840896,1712244847574,1712244852941,1712244853870,1712245254777
5,1712244840896,1712244845781,1712244850953,1712244851778,1712245276733
6,1712244840896,1712244846654,1712244851862,1712244852737,1712245293330
7,1712244840896,1712244847268,1712244853712,1712244854632,1712245297885
8,1712244840896,1712244846653,1712244852481,1712244853364,1712245288634
9,1712244840896,1712244845870,1712244851770,1712244852612,1712245333157
10,1712244840896,1712244846447,1712244851620,1712244852483,1712245272796
11,1712244840896,1712244845806,1712244851440,1712244852278,1712245260714
12,1712244840896,1712244849539,1712244855138,1712244856029,1712245293020
13,1712244840896,1712244845869,1712244852548,1712244853416,1712245323517
14,1712244840896,1712244849669,1712244855355,1712244856273,1712245303641
15,1712244840896,1712244846449,1712244851864,1712244852754,1712245283195
16,1712244840896,1712244849838,1712244855625,1712244856521,1712245267513
17,1712244840896,1712244849337,1712244854880,1712244855971,1712245300229
18,1712244840896,1712244849311,1712244856311,1712244857264,1712245340193
19,1712244840896,1712244848695,1712244855162,1712244856388,1712245254525
20,1712244840896,1712244848738,1712244854092,1712244854980,1712245304027
21,1712244840896,1712244853622,1712244858743,1712244859928,1712245304772
22,1712244840896,1712244848738,1712244855037,1712244855988,1712245300227
23,1712244840896,1712244848591,1712244854114,1712244855066,1712245231490
24,1712244840896,1712244853622,1712244859177,1712244860090,1712245348044
25,1712244840896,1712244852359,1712244857577,1712244858607,1712245310978
26,1712244840896,1712244852118,1712244857464,1712244858464,1712245313124
27,1712244840896,1712244852377,1712244857185,1712244858563,1712245263572
28,1712244840896,1712244852360,1712244857260,1712244858497,1712245307218
29,1712244840896,1712244852149,1712244858008,1712244859265,1712245298765
30,1712244840896,1712244850451,1712244855666,1712244856652,1712245292576
31,1712244840896,1712244850438,1712244855868,1712244856779,1712245303908
32,1712244840896,1712244849815,1712244855872,1712244856947,1712245306401
33,1712244840896,1712244850301,1712244856452,1712244857512,1712245305918
34,1712244840896,1712244854873,1712244860643,1712244861775,1712245312713
35,1712244840896,1712244855123,1712244861073,1712244862292,1712245314236
36,1712244840896,1712244854775,1712244860752,1712244861985,1712245308306
37,1712244840896,1712244854442,1712244860650,1712244861764,1712245307446
38,1712244840896,1712244854690,1712244860751,1712244861922,1712245311201
39,1712244840896,1712244854147,1712244859610,1712244861007,1712245340197
40,1712244840896,1712244853622,1712244859565,1712244860635,1712245319758
41,1712244840896,1712244856771,1712244862269,1712244863431,1712245312913
42,1712244840896,1712244856499,1712244861436,1712244862439,1712245315760
43,1712244840896,1712244856701,1712244861504,1712244862500,1712245321326
44,1712244840896,1712244856190,1712244862214,1712244863438,1712245321832
45,1712244840896,1712244856013,1712244860903,1712244862002,1712245331799
46,1712244840896,1712244855762,1712244861081,1712244862111,1712245281813
47,1712244840896,1712244855331,1712244860817,1712244861913,1712245305399
48,1712244840896,1712244854965,1712244860922,1712244862065,1712245320202
49,1712244840896,1712244855458,1712244860790,1712244861915,1712245326782
50,1712244840896,1712244861525,1712244866825,1712244868425,1712245339298
51,1712244840896,1712244861265,1712244867672,1712244869325,1712245335256
52,1712244840896,1712244861526,1712244868336,1712244870167,1712245326987
53,1712244840896,1712244861681,1712244867338,1712244868909,1712245347288
54,1712244840896,1712244860920,1712244866265,1712244867782,1712245274358
55,1712244840896,1712244860987,1712244866547,1712244867875,1712245346767
56,1712244840896,1712244860803,1712244866692,1712244868365,1712245319305
57,1712244840896,1712244860337,1712244866152,1712244867483,1712245324586
58,1712244840896,1712244859923,1712244865429,1712244866659,1712245319883
59,1712244840896,1712244859983,1712244865772,1712244866983,1712245306888
60,1712244840896,1712244859338,1712244865388,1712244866502,1712245320727
61,1712244840896,1712244859589,1712244865807,1712244867181,1712245332806
62,1712244840896,1712244859072,1712244864546,1712244865884,1712245327244
63,1712244840896,1712244859238,1712244864570,1712244865798,1712245326144
64,1712244840896,1712244858962,1712244865055,1712244866297,1712245309839
65,1712244840896,1712244859073,1712244864923,1712244866109,1712245316788
66,1712244840896,1712244858484,1712244863997,1712244865014,1712245336881
67,1712244840896,1712244858672,1712244865020,1712244866525,1712245267647
68,1712244840896,1712244857985,1712244863214,1712244864303,1712245321440
69,1712244840896,1712244858025,1712244863707,1712244864894,1712245326735
70,1712244840896,1712244857761,1712244862868,1712244864203,1712245333873
71,1712244840896,1712244857079,1712244863191,1712244864393,1712245334296
72,1712244840896,1712244856935,1712244862287,1712244863376,1712245312537
73,1712244840896,1712244856929,1712244862940,1712244864218,1712245333494
74,1712244840896,1712244864259,1712244870788,1712244872716,1712245348229
75,1712244840896,1712244863317,1712244869682,1712244871730,1712245300942
76,1712244840896,1712244862872,1712244868350,1712244870332,1712245320908
77,1712244840896,1712244863241,1712244867953,1712244869565,1712245315699
78,1712244840896,1712244862996,1712244868371,1712244869749,1712245348646
79,1712244840896,1712244862535,1712244868190,1712244869721,1712245317925
80,1712244840896,1712244861739,1712244868044,1712244869366,1712245274013
81,1712244840896,1712244862139,1712244867633,1712244869130,1712245344239
82,1712244840896,1712244868185,1712244872517,1712244874122,1712245349667
83,1712244840896,1712244867992,1712244873239,1712244875196,1712245348412
84,1712244840896,1712244868637,1712244874727,1712244876551,1712245290929
85,1712244840896,1712244868577,1712244874001,1712244875651,1712245297592
86,1712244840896,1712244868277,1712244874113,1712244875888,1712245272030
87,1712244840896,1712244867729,1712244872331,1712244874138,1712245348286
88,1712244840896,1712244867343,1712244872798,1712244874297,1712245285594
89,1712244840896,1712244867740,1712244873118,1712244874635,1712245350630
90,1712244840896,1712244865917,1712244870904,1712244872607,1712245336726
91,1712244840896,1712244865715,1712244871668,1712244874249,1712245321550
92,1712244840896,1712244865784,1712244872228,1712244874033,1712245303879
93,1712244840896,1712244865088,1712244870873,1712244872655,1712245284551
94,1712244840896,1712244865181,1712244869889,1712244871576,1712245348560
95,1712244840896,1712244865158,1712244871110,1712244872885,1712245287273
96,1712244840896,1712244864906,1712244870254,1712244871815,1712245288425
97,1712244840896,1712244864907,1712244870797,1712244872971,1712245318707
98,1712244840896,1712244864766,1712244870344,1712244872167,1712245311915
99,1712244840896,1712244863940,1712244869141,1712244871316,1712245347249
100,1712244840896,1712244864133,1712244869692,1712244871765,1712245331322
101,1712244840896,1712244864905,1712244870725,1712244872704,1712245320861
102,1712244840896,1712244863781,1712244869227,1712244870872,1712245354434
103,1712244840896,1712244870904,1712244876901,1712244878445,1712245306720
104,1712244840896,1712244870141,1712244876111,1712244877941,1712245290623
105,1712244840896,1712244870183,1712244875699,1712244877587,1712245293889
106,1712244840896,1712244869977,1712244875234,1712244876852,1712245297945
107,1712244840896,1712244869871,1712244875778,1712244877641,1712245320460
108,1712244840896,1712244869660,1712244875259,1712244877302,1712245297245
109,1712244840896,1712244869263,1712244875045,1712244876713,1712245317544
110,1712244840896,1712244869326,1712244874697,1712244876502,1712245319520
111,1712244840896,1712244869349,1712244875118,1712244877044,1712245343493
112,1712244840896,1712244872877,1712244878054,1712244879955,1712245298060
113,1712244840896,1712244872613,1712244878149,1712244880192,1712245303433
114,1712244840896,1712244872611,1712244877665,1712244879736,1712245342061
115,1712244840896,1712244871917,1712244876712,1712244878673,1712245318806
116,1712244840896,1712244871927,1712244877219,1712244879276,1712245300507
117,1712244840896,1712244871798,1712244877818,1712244879621,1712245301110
118,1712244840896,1712244871159,1712244876525,1712244878891,1712245339242
119,1712244840896,1712244870904,1712244876814,1712244879160,1712245341786
120,1712244840896,1712244871284,1712244877225,1712244879516,1712245315852
121,1712244840896,1712244870596,1712244876755,1712244878620,1712245342378
122,1712244840896,1712244889212,1712244895353,1712244897888,1712245342318
123,1712244840896,1712244889431,1712244895037,1712244897688,1712245345105
124,1712244840896,1712244889248,1712244895032,1712244897627,1712245342360
125,1712244840896,1712244888828,1712244894184,1712244896891,1712245344032
126,1712244840896,1712244888547,1712244894873,1712244897651,1712245345795
127,1712244840896,1712244888500,1712244893684,1712244896559,1712245347678
128,1712244840896,1712244887831,1712244892947,1712244895463,1712245348670
129,1712244840896,1712244887819,1712244894549,1712244897116,1712245346017
130,1712244840896,1712244887334,1712244893074,1712244895875,1712245347200
131,1712244840896,1712244887639,1712244893117,1712244895292,1712245323782
132,1712244840896,1712244887091,1712244893524,1712244896515,1712245345965
133,1712244840896,1712244887105,1712244893061,1712244895835,1712245325677
134,1712244840896,1712244886166,1712244891389,1712244894643,1712245341244
135,1712244840896,1712244886403,1712244891701,1712244893896,1712245337726
136,1712244840896,1712244885434,1712244890155,1712244893158,1712245335498
137,1712244840896,1712244886094,1712244891421,1712244894242,1712245344627
138,1712244840896,1712244886100,1712244891479,1712244894479,1712245347361
139,1712244840896,1712244885018,1712244890433,1712244892563,1712245346115
140,1712244840896,1712244885127,1712244890653,1712244893355,1712245338628
141,1712244840896,1712244884308,1712244890234,1712244892953,1712245325630
142,1712244840896,1712244884798,1712244890233,1712244893122,1712245346813
143,1712244840896,1712244884770,1712244890698,1712244892823,1712245346174
144,1712244840896,1712244884135,1712244889497,1712244891466,1712245347884
145,1712244840896,1712244883241,1712244888242,1712244891080,1712245342560
146,1712244840896,1712244883517,1712244889508,1712244891818,1712245337708
147,1712244840896,1712244884091,1712244889676,1712244892177,1712245346852
148,1712244840896,1712244883036,1712244887851,1712244890281,1712245343994
149,1712244840896,1712244880796,1712244886546,1712244888944,1712245346323
150,1712244840896,1712244883474,1712244888421,1712244891055,1712245348440
151,1712244840896,1712244880309,1712244885919,1712244888254,1712245339343
152,1712244840896,1712244880795,1712244885448,1712244887895,1712245341384
153,1712244840896,1712244879788,1712244885469,1712244888017,1712245339686
154,1712244840896,1712244879100,1712244885850,1712244888140,1712245334357
155,1712244840896,1712244879096,1712244884243,1712244886109,1712245342388
156,1712244840896,1712244880127,1712244885316,1712244887673,1712245339546
157,1712244840896,1712244879296,1712244884852,1712244887245,1712245346307
158,1712244840896,1712244878886,1712244884380,1712244886795,1712245343769
159,1712244840896,1712244878046,1712244883235,1712244885407,1712245341295
160,1712244840896,1712244878315,1712244884451,1712244886066,1712245290979
161,1712244840896,1712244877743,1712244883135,1712244885468,1712245340247
162,1712244840896,1712244877708,1712244883501,1712244885449,1712245335219
163,1712244840896,1712244877435,1712244883202,1712244885369,1712245316214
164,1712244840896,1712244877707,1712244882631,1712244885079,1712245338216
165,1712244840896,1712244877422,1712244882460,1712244885273,1712245320715
166,1712244840896,1712244877435,1712244882415,1712244884772,1712245317643
167,1712244840896,1712244876717,1712244881562,1712244883693,1712245339253
168,1712244840896,1712244876852,1712244881710,1712244883898,1712245347565
169,1712244840896,1712244876078,1712244881679,1712244884184,1712245335729
170,1712244840896,1712244875681,1712244881149,1712244883386,1712245346609
171,1712244840896,1712244876070,1712244881119,1712244883433,1712245337835
172,1712244840896,1712244875425,1712244880329,1712244882387,1712245340623
173,1712244840896,1712244875736,1712244880858,1712244882975,1712245331824
174,1712244840896,1712244875119,1712244881258,1712244883251,1712245316723
175,1712244840896,1712244874810,1712244881173,1712244883393,1712245336786
176,1712244840896,1712244875033,1712244881457,1712244884210,1712245336701
177,1712244840896,1712244874116,1712244880308,1712244882811,1712245341866
178,1712244840896,1712244874109,1712244879859,1712244882319,1712245337597
179,1712244840896,1712244873965,1712244879304,1712244881306,1712245306453
180,1712244840896,1712244873716,1712244879450,1712244881905,1712245339762
181,1712244840896,1712244873891,1712244880009,1712244882302,1712245334287
182,1712244840896,1712244873374,1712244877810,1712244879725,1712245320599
183,1712244840896,1712244873215,1712244879681,1712244881484,1712245332363
184,1712244840896,1712244892472,1712244897998,1712244900409,1712245311150
185,1712244840896,1712244892565,1712244897401,1712244899934,1712245337557
186,1712244840896,1712244892646,1712244898996,1712244901472,1712245344192
187,1712244840896,1712244892331,1712244897349,1712244900243,1712245346509
188,1712244840896,1712244891343,1712244896669,1712244899302,1712245343991
189,1712244840896,1712244891272,1712244897610,1712244900630,1712245347227
190,1712244840896,1712244890915,1712244895881,1712244898521,1712245346922
191,1712244840896,1712244891155,1712244897069,1712244899891,1712245343503
192,1712244840896,1712244890766,1712244896176,1712244898918,1712245347244
193,1712244840896,1712244851290,1712244856306,1712244857252,1712245254822
194,1712244840896,1712244852701,1712244858159,1712244859250,1712245289087
195,1712244840896,1712244851144,1712244857153,1712244858168,1712245274968
196,1712244840896,1712244851662,1712244856763,1712244857685,1712245262048
197,1712244840896,1712244854291,1712244860736,1712244861682,1712245293103
198,1712244840896,1712244852628,1712244857364,1712244858319,1712245246006
199,1712244840896,1712244850328,1712244855904,1712244856868,1712245259727
200,1712244840896,1712244851565,1712244856360,1712244857362,1712245266842
201,1712244840896,1712244854418,1712244860155,1712244861211,1712245246031
202,1712244840896,1712244852742,1712244857440,1712244858415,1712245201295
203,1712244840896,1712244854305,1712244860358,1712244861543,1712245258689
204,1712244840896,1712244850172,1712244855632,1712244856529,1712245264851
205,1712244840896,1712244854265,1712244859832,1712244860689,1712245279538
206,1712244840896,1712244849662,1712244854882,1712244855742,1712245248016
207,1712244840896,1712244853377,1712244858441,1712244859405,1712245213151
208,1712244840896,1712244849401,1712244854843,1712244855693,1712245242765
209,1712244840896,1712244850212,1712244856102,1712244857041,1712245238047
210,1712244840896,1712244849310,1712244854795,1712244855739,1712245259569
211,1712244840896,1712244854165,1712244859557,1712244860648,1712245328006
212,1712244840896,1712244853819,1712244860608,1712244861653,1712245289426
213,1712244840896,1712244850172,1712244855027,1712244855881,1712245263251
214,1712244840896,1712244849655,1712244854936,1712244855723,1712245188702
215,1712244840896,1712244849500,1712244854586,1712244855437,1712245233040
216,1712244840896,1712244853499,1712244859715,1712244860712,1712245278684
217,1712244840896,1712244852601,1712244857519,1712244858495,1712245239331
218,1712244840896,1712244857290,1712244862935,1712244863947,1712245258407
219,1712244840896,1712244856665,1712244861866,1712244862872,1712245304907
220,1712244840896,1712244857244,1712244862220,1712244863551,1712245265760
221,1712244840896,1712244856239,1712244861423,1712244862445,1712245276635
222,1712244840896,1712244856233,1712244862386,1712244863570,1712245289815
223,1712244840896,1712244856231,1712244862194,1712244863361,1712245289590
224,1712244840896,1712244855449,1712244861625,1712244862537,1712245289282
225,1712244840896,1712244856085,1712244861288,1712244862454,1712245299939
226,1712244840896,1712244855189,1712244860433,1712244861361,1712245293459
227,1712244840896,1712244855195,1712244861512,1712244862441,1712245275345
228,1712244840896,1712244857524,1712244862623,1712244863726,1712245298045
229,1712244840896,1712244858184,1712244863873,1712244864931,1712245281752
230,1712244840896,1712244858192,1712244863543,1712244864481,1712245296635
231,1712244840896,1712244858028,1712244863169,1712244864094,1712245286804
232,1712244840896,1712244857539,1712244863238,1712244864227,1712245299760
233,1712244840896,1712244864449,1712244870751,1712244872065,1712245309234
234,1712244840896,1712244864283,1712244870652,1712244871969,1712245318915
235,1712244840896,1712244863671,1712244869083,1712244870183,1712245311972
236,1712244840896,1712244863929,1712244869548,1712244870696,1712245303079
237,1712244840896,1712244863615,1712244869096,1712244870216,1712245303942
238,1712244840896,1712244863472,1712244868733,1712244870003,1712245297453
239,1712244840896,1712244862932,1712244869431,1712244870650,1712245306139
240,1712244840896,1712244862916,1712244869026,1712244870226,1712245314494
241,1712244840896,1712244862921,1712244868349,1712244869567,1712245304161
242,1712244840896,1712244862015,1712244867112,1712244868241,1712245296880
243,1712244840896,1712244862720,1712244868009,1712244869275,1712245311341
244,1712244840896,1712244861936,1712244868636,1712244869808,1712245300689
245,1712244840896,1712244860848,1712244866047,1712244867146,1712245300292
246,1712244840896,1712244861943,1712244866918,1712244868107,1712245305695
247,1712244840896,1712244860715,1712244866152,1712244867192,1712245306504
248,1712244840896,1712244861955,1712244867290,1712244868355,1712245309332
249,1712244840896,1712244860606,1712244866267,1712244867286,1712245297573
250,1712244840896,1712244860580,1712244866077,1712244867190,1712245308787
251,1712244840896,1712244860072,1712244865555,1712244866715,1712245295160
252,1712244840896,1712244858915,1712244865836,1712244866903,1712245311115
253,1712244840896,1712244859573,1712244865185,1712244866647,1712245257057
254,1712244840896,1712244859572,1712244865343,1712244866421,1712245314516
255,1712244840896,1712244865297,1712244870547,1712244871918,1712245319279
256,1712244840896,1712244858958,1712244863681,1712244864821,1712245304601
257,1712244840896,1712244859067,1712244864381,1712244865372,1712245296525
258,1712244840896,1712244858716,1712244863819,1712244864924,1712245282043
259,1712244840896,1712244865270,1712244870602,1712244872035,1712245324659
260,1712244840896,1712244865024,1712244870361,1712244871947,1712245301251
261,1712244840896,1712244864586,1712244870163,1712244871715,1712245308185
262,1712244840896,1712244865006,1712244871071,1712244872545,1712245304448
263,1712244840896,1712244864581,1712244870693,1712244872123,1712245305245
264,1712244840896,1712244876382,1712244882089,1712244883647,1712245336215
265,1712244840896,1712244876688,1712244881704,1712244883610,1712245326507
266,1712244840896,1712244874673,1712244880392,1712244881947,1712245326044
267,1712244840896,1712244876431,1712244881066,1712244882528,1712245333834
268,1712244840896,1712244874199,1712244879826,1712244881523,1712245335246
269,1712244840896,1712244874045,1712244878609,1712244880372,1712245316242
270,1712244840896,1712244874051,1712244879085,1712244880449,1712245330325
271,1712244840896,1712244873752,1712244879578,1712244881390,1712245337152
272,1712244840896,1712244873482,1712244878385,1712244880018,1712245332308
273,1712244840896,1712244873183,1712244878992,1712244880785,1712245299230
274,1712244840896,1712244872953,1712244877690,1712244879490,1712245273938
275,1712244840896,1712244873273,1712244878901,1712244881055,1712245320493
276,1712244840896,1712244872418,1712244877574,1712244879117,1712245274628
277,1712244840896,1712244871312,1712244876978,1712244878375,1712245334984
278,1712244840896,1712244872080,1712244877248,1712244879230,1712245336092
279,1712244840896,1712244871604,1712244877378,1712244878913,1712245330159
280,1712244840896,1712244872418,1712244877416,1712244879155,1712245307758
281,1712244840896,1712244871168,1712244876674,1712244878599,1712245302105
282,1712244840896,1712244871299,1712244876458,1712244877906,1712245319549
283,1712244840896,1712244870910,1712244876494,1712244878079,1712245335912
284,1712244840896,1712244870602,1712244876242,1712244877863,1712245332414
285,1712244840896,1712244870139,1712244875805,1712244877291,1712245333217
286,1712244840896,1712244869296,1712244873759,1712244874968,1712245292539
287,1712244840896,1712244869848,1712244875449,1712244877155,1712245309376
288,1712244840896,1712244868837,1712244874451,1712244875973,1712245316629
289,1712244840896,1712244868974,1712244875247,1712244876906,1712245316278
290,1712244840896,1712244868801,1712244875215,1712244876701,1712245325558
291,1712244840896,1712244868718,1712244874791,1712244876290,1712245325611
292,1712244840896,1712244868559,1712244873752,1712244875169,1712245322356
293,1712244840896,1712244868322,1712244873902,1712244875305,1712245319819
294,1712244840896,1712244867893,1712244873375,1712244874701,1712245313646
295,1712244840896,1712244867643,1712244872563,1712244873844,1712245311470
296,1712244840896,1712244878794,1712244884725,1712244886782,1712245332843
297,1712244840896,1712244878418,1712244883569,1712244885423,1712245334966
298,1712244840896,1712244877868,1712244883683,1712244885743,1712245331446
299,1712244840896,1712244877838,1712244882404,1712244883857,1712245329482
300,1712244840896,1712244877664,1712244883340,1712244885319,1712245329671
301,1712244840896,1712244877722,1712244884057,1712244885910,1712245334991
302,1712244840896,1712244877786,1712244883634,1712244885588,1712245325051
303,1712244840896,1712244876825,1712244882559,1712244884320,1712245337022
304,1712244840896,1712244876787,1712244882873,1712244884846,1712245336146
305,1712244840896,1712244876716,1712244882162,1712244883947,1712245339408
306,1712244840896,1712244880447,1712244886596,1712244888622,1712245315852
307,1712244840896,1712244880482,1712244887149,1712244889000,1712245335204
308,1712244840896,1712244880522,1712244886197,1712244888060,1712245324360
309,1712244840896,1712244880755,1712244886506,1712244888366,1712245336961
310,1712244840896,1712244880135,1712244885636,1712244887733,1712245338912
311,1712244840896,1712244879473,1712244884416,1712244886292,1712245334120
312,1712244840896,1712244879022,1712244884868,1712244886992,1712245323911
313,1712244840896,1712244878983,1712244884402,1712244886160,1712245334588
314,1712244840896,1712244879220,1712244885147,1712244887183,1712245335719
315,1712244840896,1712244894169,1712244899691,1712244902322,1712245333582
316,1712244840896,1712244895190,1712244900715,1712244903524,1712245336505
317,1712244840896,1712244893126,1712244898788,1712244901390,1712245340393
318,1712244840896,1712244893078,1712244897688,1712244900353,1712245340322
319,1712244840896,1712244893044,1712244897623,1712244900539,1712245337565
320,1712244840896,1712244892613,1712244898031,1712244901016,1712245332200
321,1712244840896,1712244893175,1712244898874,1712244901554,1712245334996
322,1712244840896,1712244892424,1712244898120,1712244900204,1712245338864
323,1712244840896,1712244892986,1712244897545,1712244900296,1712245340199
324,1712244840896,1712244893302,1712244898616,1712244900983,1712245331343
325,1712244840896,1712244892083,1712244898728,1712244901126,1712245332336
326,1712244840896,1712244890660,1712244896110,1712244898633,1712245330798
327,1712244840896,1712244891041,1712244897216,1712244899695,1712245292294
328,1712244840896,1712244893132,1712244898175,1712244900478,1712245338155
329,1712244840896,1712244889998,1712244895248,1712244896908,1712245295390
330,1712244840896,1712244891039,1712244896338,1712244899056,1712245335824
331,1712244840896,1712244889751,1712244894992,1712244897675,1712245331874
332,1712244840896,1712244889702,1712244894886,1712244897160,1712245338057
333,1712244840896,1712244889135,1712244894731,1712244897314,1712245338795
334,1712244840896,1712244889201,1712244894862,1712244897864,1712245330995
335,1712244840896,1712244888312,1712244893465,1712244896037,1712245338658
336,1712244840896,1712244887914,1712244893397,1712244895635,1712245289603
337,1712244840896,1712244887914,1712244894416,1712244896368,1712245310627
338,1712244840896,1712244888052,1712244894282,1712244896381,1712245335231
339,1712244840896,1712244888029,1712244893275,1712244895629,1712245336158
340,1712244840896,1712244887844,1712244893396,1712244895552,1712245316937
341,1712244840896,1712244887090,1712244892108,1712244894236,1712245310016
342,1712244840896,1712244886447,1712244891904,1712244894354,1712245332783
343,1712244840896,1712244886562,1712244892555,1712244894387,1712245324352
344,1712244840896,1712244885436,1712244892696,1712244894859,1712245337890
345,1712244840896,1712244885599,1712244890814,1712244893122,1712245332463
346,1712244840896,1712244886345,1712244892103,1712244894134,1712245295533
347,1712244840896,1712244885438,1712244890468,1712244893095,1712245334990
348,1712244840896,1712244885834,1712244891596,1712244894007,1712245332716
349,1712244840896,1712244885312,1712244890303,1712244892547,1712245315833
350,1712244840896,1712244884808,1712244889716,1712244892078,1712245338057
351,1712244840896,1712244883892,1712244890183,1712244892848,1712245324080
352,1712244840896,1712244884009,1712244889721,1712244891797,1712245330803
353,1712244840896,1712244884221,1712244889385,1712244891797,1712245327243
354,1712244840896,1712244882845,1712244888342,1712244889976,1712245339298
355,1712244840896,1712244882948,1712244887586,1712244889584,1712245336486
356,1712244840896,1712244883567,1712244888129,1712244890848,1712245338201
357,1712244840896,1712244882971,1712244887606,1712244889838,1712245338246
358,1712244840896,1712244882617,1712244887518,1712244889240,1712245305639
359,1712244840896,1712244883030,1712244888306,1712244890816,1712245337869
360,1712244840896,1712244882576,1712244887866,1712244890011,1712245320514
361,1712244840896,1712244881837,1712244886321,1712244888609,1712245334225
362,1712244840896,1712244881741,1712244887625,1712244890145,1712245332828
363,1712244840896,1712244881709,1712244887893,1712244889907,1712245303518
364,1712244840896,1712244881412,1712244886570,1712244888599,1712245336814
365,1712244840896,1712244881496,1712244886960,1712244888748,1712245326964
366,1712244840896,1712244881496,1712244886940,1712244888935,1712245332634
367,1712244840896,1712244898442,1712244903783,1712244906130,1712245339017
368,1712244840896,1712244898164,1712244904608,1712244907683,1712245337806
369,1712244840896,1712244897804,1712244903003,1712244905929,1712245338761
370,1712244840896,1712244897549,1712244903112,1712244906055,1712245335750
371,1712244840896,1712244896536,1712244902029,1712244905168,1712245334222
372,1712244840896,1712244897159,1712244903474,1712244906017,1712245339258
373,1712244840896,1712244897718,1712244902775,1712244905614,1712245340061
374,1712244840896,1712244895840,1712244900148,1712244902902,1712245337835
375,1712244840896,1712244896019,1712244901841,1712244904949,1712245334810
376,1712244840896,1712244896459,1712244901725,1712244904728,1712245338234
377,1712244840896,1712244896106,1712244902555,1712244905561,1712245340789
378,1712244840896,1712244895077,1712244900012,1712244902864,1712245340144
379,1712244840896,1712244898805,1712244904133,1712244906829,1712245323395
380,1712244840896,1712244898899,1712244904258,1712244907289,1712245339027
381,1712244840896,1712244898639,1712244904515,1712244907716,1712245336825
382,1712244840896,1712244897811,1712244903320,1712244906210,1712245326051
383,1712244840896,1712244897765,1712244904184,1712244906794,1712245330148
